0	0	186,118,78	192,96,64	1.00	0.35
1	0	160,139,136	176,160,160	1.00	0.24
2	0	148,89,77	160,80,64	1.00	0.35
3	0	150,89,75	160,80,64	1.00	0.36
4	0	150,89,75	160,80,64	1.00	0.36
5	0	150,89,75	160,80,64	1.00	0.36
6	0	154,100,88	160,80,64	1.00	0.28
7	0	173,141,130	224,208,176	1.00	0.26
8	0	208,191,169	224,208,176	1.00	0.69
9	0	227,213,180	224,208,176	1.00	0.95
10	0	227,213,180	224,208,176	1.00	0.94
11	0	227,214,180	224,208,176	1.00	0.95
12	0	227,214,180	224,208,176	1.00	0.96
13	0	211,195,171	224,208,176	1.00	0.71
14	0	171,153,148	160,128,144	1.00	0.30
15	0	224,210,179	224,208,176	1.00	0.84
16	0	195,179,163	224,208,176	1.00	0.37
17	0	222,208,177	224,208,176	1.00	0.86
18	0	184,164,157	160,128,144	1.00	0.43
19	0	145,122,132	160,128,144	1.00	0.65
20	0	255,255,255	240,240,240	1.00	1.00
21	0	255,255,255	240,240,240	1.00	1.00
22	0	255,255,255	240,240,240	1.00	1.00
23	0	255,255,255	240,240,240	1.00	1.00
24	0	255,255,255	240,240,240	1.00	1.00
25	0	255,255,255	240,240,240	1.00	1.00
26	0	255,255,255	240,240,240	1.00	1.00
27	0	255,255,255	240,240,240	1.00	1.00
28	0	237,231,229	240,240,240	1.00	0.72
29	0	204,181,171	240,240,240	1.00	0.34
30	0	229,222,223	240,240,240	1.00	0.72
31	0	255,255,255	240,240,240	1.00	1.00
32	0	255,255,255	240,240,240	1.00	1.00
33	0	255,255,255	240,240,240	1.00	1.00
34	0	255,255,255	240,240,240	1.00	1.00
35	0	255,255,255	240,240,240	1.00	1.00
36	0	255,255,255	240,240,240	1.00	1.00
37	0	255,255,255	240,240,240	1.00	1.00
38	0	255,255,255	240,240,240	1.00	1.00
39	0	255,255,255	240,240,240	1.00	1.00
40	0	255,255,255	240,240,240	1.00	1.00
41	0	237,231,228	240,240,240	1.00	0.72
42	0	229,222,223	240,240,240	1.00	0.72
43	0	255,255,255	240,240,240	1.00	1.00
44	0	255,255,255	240,240,240	1.00	1.00
45	0	255,255,255	240,240,240	1.00	1.00
46	0	255,255,255	240,240,240	1.00	1.00
47	0	255,255,255	240,240,240	1.00	1.00
48	0	255,255,255	240,240,240	1.00	1.00
49	0	255,255,255	240,240,240	1.00	1.00
50	0	255,255,255	240,240,240	1.00	1.00
51	0	255,255,255	240,240,240	1.00	1.00
52	0	255,255,255	240,240,240	1.00	1.00
53	0	237,231,229	240,240,240	1.00	0.72
54	0	204,181,171	240,240,240	1.00	0.34
55	0	229,222,223	240,240,240	1.00	0.72
56	0	255,255,255	240,240,240	1.00	1.00
57	0	255,255,255	240,240,240	1.00	1.00
58	0	255,255,255	240,240,240	1.00	1.00
59	0	255,255,255	240,240,240	1.00	1.00
60	0	255,255,255	240,240,240	1.00	1.00
61	0	255,255,255	240,240,240	1.00	1.00
62	0	255,255,255	240,240,240	1.00	1.00
63	0	255,255,255	240,240,240	1.00	1.00
0	1	182,133,107	192,96,64	1.00	0.21
1	1	152,133,137	160,128,144	1.00	0.30
2	1	152,107,101	160,80,64	1.00	0.21
3	1	150,89,75	160,80,64	1.00	0.36
4	1	150,89,75	160,80,64	1.00	0.36
5	1	150,89,75	160,80,64	1.00	0.36
6	1	150,89,75	160,80,64	1.00	0.36
7	1	150,89,75	160,80,64	1.00	0.36
8	1	154,100,88	160,80,64	1.00	0.28
9	1	174,144,132	224,208,176	1.00	0.29
10	1	226,213,180	224,208,176	1.00	0.93
11	1	182,165,154	224,208,176	1.00	0.39
12	1	226,213,180	224,208,176	1.00	0.94
13	1	211,195,171	224,208,176	1.00	0.71
14	1	183,164,158	176,160,160	1.00	0.68
15	1	176,159,152	224,208,176	1.00	0.24
16	1	152,133,138	112,96,112	1.00	0.35
17	1	167,145,146	160,128,144	1.00	0.51
18	1	169,146,148	160,128,144	1.00	0.63
19	1	158,134,141	160,128,144	1.00	0.78
20	1	255,255,255	240,240,240	1.00	1.00
21	1	255,255,255	240,240,240	1.00	1.00
22	1	255,255,255	240,240,240	1.00	1.00
23	1	255,255,255	240,240,240	1.00	1.00
24	1	255,255,255	240,240,240	1.00	1.00
25	1	255,255,255	240,240,240	1.00	1.00
26	1	237,231,229	240,240,240	1.00	0.72
27	1	205,173,155	240,240,240	1.00	0.22
28	1	189,128,92	160,80,64	1.00	0.29
29	1	174,111,78	160,80,64	1.00	0.34
30	1	154,100,88	160,80,64	1.00	0.28
31	1	180,150,146	160,128,144	1.00	0.25
32	1	229,222,223	240,240,240	1.00	0.72
33	1	255,255,255	240,240,240	1.00	1.00
34	1	255,255,255	240,240,240	1.00	1.00
35	1	255,255,255	240,240,240	1.00	1.00
36	1	255,255,255	240,240,240	1.00	1.00
37	1	255,255,255	240,240,240	1.00	1.00
38	1	255,255,255	240,240,240	1.00	1.00
39	1	237,231,229	240,240,240	1.00	0.72
40	1	205,173,155	240,240,240	1.00	0.22
41	1	192,133,93	192,96,64	1.00	0.27
42	1	155,102,89	160,80,64	1.00	0.30
43	1	180,150,146	160,128,144	1.00	0.25
44	1	229,222,223	240,240,240	1.00	0.72
45	1	255,255,255	240,240,240	1.00	1.00
46	1	255,255,255	240,240,240	1.00	1.00
47	1	255,255,255	240,240,240	1.00	1.00
48	1	255,255,255	240,240,240	1.00	1.00
49	1	255,255,255	240,240,240	1.00	1.00
50	1	255,255,255	240,240,240	1.00	1.00
51	1	237,231,229	240,240,240	1.00	0.72
52	1	205,173,155	240,240,240	1.00	0.22
53	1	189,128,92	160,80,64	1.00	0.29
54	1	174,111,78	160,80,64	1.00	0.34
55	1	154,100,88	160,80,64	1.00	0.28
56	1	180,150,146	160,128,144	1.00	0.25
57	1	229,222,223	240,240,240	1.00	0.72
58	1	255,255,255	240,240,240	1.00	1.00
59	1	255,255,255	240,240,240	1.00	1.00
60	1	255,255,255	240,240,240	1.00	1.00
61	1	255,255,255	240,240,240	1.00	1.00
62	1	255,255,255	240,240,240	1.00	1.00
63	1	255,255,255	240,240,240	1.00	1.00
0	2	129,115,141	112,96,112	1.00	0.29
1	2	112,112,170	96,112,208	1.00	0.44
2	2	134,122,148	160,128,144	1.00	0.41
3	2	152,122,124	160,128,144	1.00	0.40
4	2	152,102,94	160,80,64	1.00	0.27
5	2	150,89,75	160,80,64	1.00	0.36
6	2	150,89,75	160,80,64	1.00	0.36
7	2	150,89,75	160,80,64	1.00	0.36
8	2	150,89,75	160,80,64	1.00	0.36
9	2	169,122,104	224,208,176	1.00	0.23
10	2	227,213,180	224,208,176	1.00	0.95
11	2	187,170,159	224,208,176	1.00	0.30
12	2	227,214,180	224,208,176	1.00	0.96
13	2	181,163,155	160,128,144	1.00	0.29
14	2	145,126,132	160,128,144	1.00	0.36
15	2	152,133,136	160,128,144	1.00	0.38
16	2	164,146,144	176,160,160	1.00	0.35
17	2	161,142,142	160,128,144	1.00	0.32
18	2	165,147,145	176,160,160	1.00	0.29
19	2	165,144,145	160,128,144	1.00	0.49
20	2	255,255,255	240,240,240	1.00	1.00
21	2	255,255,255	240,240,240	1.00	1.00
22	2	255,255,255	240,240,240	1.00	1.00
23	2	255,255,255	240,240,240	1.00	1.00
24	2	237,231,229	240,240,240	1.00	0.72
25	2	205,173,155	240,240,240	1.00	0.22
26	2	189,128,92	160,80,64	1.00	0.29
27	2	188,118,77	192,96,64	1.00	0.36
28	2	188,118,77	192,96,64	1.00	0.36
29	2	174,111,78	160,80,64	1.00	0.34
30	2	150,89,75	160,80,64	1.00	0.36
31	2	150,89,75	160,80,64	1.00	0.36
32	2	154,100,88	160,80,64	1.00	0.28
33	2	180,150,146	160,128,144	1.00	0.25
34	2	229,222,223	240,240,240	1.00	0.72
35	2	255,255,255	240,240,240	1.00	1.00
36	2	255,255,255	240,240,240	1.00	1.00
37	2	255,255,255	240,240,240	1.00	1.00
38	2	205,173,155	240,240,240	1.00	0.22
39	2	189,128,92	160,80,64	1.00	0.29
40	2	188,118,77	192,96,64	1.00	0.36
41	2	192,123,78	192,96,64	1.00	0.35
42	2	152,91,76	160,80,64	1.00	0.38
43	2	150,89,75	160,80,64	1.00	0.36
44	2	154,100,88	160,80,64	1.00	0.28
45	2	180,150,146	160,128,144	1.00	0.25
46	2	255,255,255	240,240,240	1.00	1.00
47	2	255,255,255	240,240,240	1.00	1.00
48	2	255,255,255	240,240,240	1.00	1.00
49	2	237,231,229	240,240,240	1.00	0.72
50	2	205,173,155	240,240,240	1.00	0.22
51	2	189,128,92	160,80,64	1.00	0.29
52	2	188,118,77	192,96,64	1.00	0.36
53	2	188,118,77	192,96,64	1.00	0.36
54	2	174,111,78	160,80,64	1.00	0.34
55	2	150,89,75	160,80,64	1.00	0.36
56	2	150,89,75	160,80,64	1.00	0.36
57	2	154,100,88	160,80,64	1.00	0.28
58	2	180,150,146	160,128,144	1.00	0.25
59	2	229,222,223	240,240,240	1.00	0.72
60	2	255,255,255	240,240,240	1.00	1.00
61	2	255,255,255	240,240,240	1.00	1.00
62	2	255,255,255	240,240,240	1.00	1.00
63	2	255,255,255	240,240,240	1.00	1.00
0	3	115,125,195	96,112,208	1.00	0.68
1	3	158,147,166	160,128,144	1.00	0.25
2	3	115,127,197	96,112,208	1.00	0.76
3	3	110,119,186	96,112,208	1.00	0.72
4	3	134,122,148	160,128,144	1.00	0.41
5	3	152,122,124	160,128,144	1.00	0.40
6	3	152,102,94	160,80,64	1.00	0.27
7	3	150,89,75	160,80,64	1.00	0.36
8	3	150,89,75	160,80,64	1.00	0.36
9	3	169,123,104	224,208,176	1.00	0.25
10	3	226,213,180	224,208,176	1.00	0.93
11	3	227,213,180	224,208,176	1.00	0.94
12	3	226,213,180	224,208,176	1.00	0.94
13	3	211,195,171	224,208,176	1.00	0.71
14	3	155,135,137	160,128,144	1.00	0.40
15	3	149,128,134	160,128,144	1.00	0.43
16	3	155,135,137	160,128,144	1.00	0.40
17	3	149,128,134	160,128,144	1.00	0.43
18	3	148,127,133	160,128,144	1.00	0.46
19	3	153,131,138	160,128,144	1.00	0.60
20	3	255,255,255	240,240,240	1.00	1.00
21	3	255,255,255	240,240,240	1.00	1.00
22	3	237,231,229	240,240,240	1.00	0.72
23	3	205,173,155	240,240,240	1.00	0.22
24	3	189,128,92	160,80,64	1.00	0.29
25	3	188,118,77	192,96,64	1.00	0.36
26	3	188,118,77	192,96,64	1.00	0.36
27	3	188,118,77	192,96,64	1.00	0.36
28	3	188,118,77	192,96,64	1.00	0.36
29	3	174,111,78	160,80,64	1.00	0.34
30	3	150,89,75	160,80,64	1.00	0.36
31	3	150,89,75	160,80,64	1.00	0.36
32	3	150,89,75	160,80,64	1.00	0.36
33	3	150,89,75	160,80,64	1.00	0.36
34	3	154,100,88	160,80,64	1.00	0.28
35	3	180,150,146	160,128,144	1.00	0.25
36	3	229,222,223	240,240,240	1.00	0.72
37	3	255,255,255	240,240,240	1.00	1.00
38	3	188,118,77	192,96,64	1.00	0.36
39	3	188,118,77	192,96,64	1.00	0.36
40	3	188,118,77	192,96,64	1.00	0.36
41	3	189,133,100	192,96,64	1.00	0.27
42	3	154,105,95	160,80,64	1.00	0.28
43	3	150,89,75	160,80,64	1.00	0.36
44	3	150,89,75	160,80,64	1.00	0.36
45	3	150,89,75	160,80,64	1.00	0.36
46	3	255,255,255	240,240,240	1.00	1.00
47	3	237,231,229	240,240,240	1.00	0.72
48	3	205,173,155	240,240,240	1.00	0.22
49	3	189,128,92	160,80,64	1.00	0.29
50	3	188,118,77	192,96,64	1.00	0.36
51	3	188,118,77	192,96,64	1.00	0.36
52	3	188,118,77	192,96,64	1.00	0.36
53	3	188,118,77	192,96,64	1.00	0.36
54	3	174,111,78	160,80,64	1.00	0.34
55	3	150,89,75	160,80,64	1.00	0.36
56	3	150,89,75	160,80,64	1.00	0.36
57	3	150,89,75	160,80,64	1.00	0.36
58	3	150,89,75	160,80,64	1.00	0.36
59	3	154,100,88	160,80,64	1.00	0.28
60	3	180,150,146	160,128,144	1.00	0.25
61	3	229,222,223	240,240,240	1.00	0.72
62	3	255,255,255	240,240,240	1.00	1.00
63	3	255,255,255	240,240,240	1.00	1.00
0	4	115,127,197	96,112,208	1.00	0.76
1	4	156,144,164	176,160,160	1.00	0.28
2	4	115,127,197	96,112,208	1.00	0.76
3	4	153,147,174	96,112,208	1.00	0.27
4	4	100,121,210	96,112,208	1.00	1.00
5	4	110,119,186	96,112,208	1.00	0.72
6	4	134,122,148	160,128,144	1.00	0.41
7	4	152,122,124	160,128,144	1.00	0.40
8	4	152,102,94	160,80,64	1.00	0.27
9	4	147,118,116	80,64,80	1.00	0.23
10	4	189,172,159	224,208,176	1.00	0.46
11	4	226,213,180	224,208,176	1.00	0.93
12	4	227,213,180	224,208,176	1.00	0.94
13	4	211,195,171	224,208,176	1.00	0.71
14	4	170,151,147	160,128,144	1.00	0.32
15	4	211,195,171	224,208,176	1.00	0.65
16	4	168,150,145	224,208,176	1.00	0.26
17	4	228,216,182	224,208,176	1.00	0.87
18	4	227,213,180	224,208,176	1.00	0.94
19	4	227,214,180	224,208,176	1.00	0.95
20	4	255,255,255	240,240,240	1.00	1.00
21	4	208,179,163	240,240,240	1.00	0.28
22	4	189,128,92	160,80,64	1.00	0.29
23	4	188,118,77	192,96,64	1.00	0.36
24	4	188,118,77	192,96,64	1.00	0.36
25	4	188,118,77	192,96,64	1.00	0.36
26	4	188,118,77	192,96,64	1.00	0.36
27	4	188,118,77	192,96,64	1.00	0.36
28	4	188,131,100	192,96,64	1.00	0.27
29	4	163,128,120	160,128,144	1.00	0.23
30	4	152,102,94	160,80,64	1.00	0.27
31	4	150,89,75	160,80,64	1.00	0.36
32	4	150,89,75	160,80,64	1.00	0.36
33	4	150,89,75	160,80,64	1.00	0.36
34	4	150,89,75	160,80,64	1.00	0.36
35	4	150,89,75	160,80,64	1.00	0.36
36	4	154,100,88	160,80,64	1.00	0.28
37	4	183,156,153	240,240,240	1.00	0.27
38	4	188,118,77	192,96,64	1.00	0.36
39	4	188,131,100	192,96,64	1.00	0.27
40	4	167,137,129	160,128,144	1.00	0.21
41	4	139,119,129	112,96,112	1.00	0.46
42	4	147,125,133	160,128,144	1.00	0.61
43	4	152,122,124	160,128,144	1.00	0.40
44	4	152,102,94	160,80,64	1.00	0.27
45	4	150,89,75	160,80,64	1.00	0.36
46	4	208,179,163	240,240,240	1.00	0.28
47	4	189,128,92	160,80,64	1.00	0.29
48	4	188,118,77	192,96,64	1.00	0.36
49	4	188,118,77	192,96,64	1.00	0.36
50	4	188,118,77	192,96,64	1.00	0.36
51	4	188,118,77	192,96,64	1.00	0.36
52	4	188,118,77	192,96,64	1.00	0.36
53	4	188,131,100	192,96,64	1.00	0.27
54	4	163,128,120	160,128,144	1.00	0.23
55	4	152,102,94	160,80,64	1.00	0.27
56	4	150,89,75	160,80,64	1.00	0.36
57	4	150,89,75	160,80,64	1.00	0.36
58	4	150,89,75	160,80,64	1.00	0.36
59	4	150,89,75	160,80,64	1.00	0.36
60	4	150,89,75	160,80,64	1.00	0.36
61	4	154,100,88	160,80,64	1.00	0.28
62	4	183,156,153	240,240,240	1.00	0.27
63	4	255,255,255	240,240,240	1.00	1.00
0	5	164,147,149	176,160,160	1.00	0.38
1	5	164,147,149	176,160,160	1.00	0.38
2	5	164,147,149	176,160,160	1.00	0.38
3	5	164,147,149	176,160,160	1.00	0.38
4	5	164,147,149	176,160,160	1.00	0.38
5	5	164,147,149	176,160,160	1.00	0.38
6	5	164,147,149	176,160,160	1.00	0.38
7	5	156,137,139	160,128,144	1.00	0.41
8	5	146,126,132	160,128,144	1.00	0.42
9	5	154,135,136	160,128,144	1.00	0.34
10	5	190,174,160	224,208,176	1.00	0.48
11	5	226,213,180	224,208,176	1.00	0.93
12	5	227,214,180	224,208,176	1.00	0.96
13	5	211,195,171	224,208,176	1.00	0.71
14	5	191,174,161	224,208,176	1.00	0.31
15	5	191,174,161	176,160,160	1.00	0.34
16	5	194,178,163	224,208,176	1.00	0.35
17	5	227,214,180	224,208,176	1.00	0.96
18	5	181,162,155	176,160,160	1.00	0.54
19	5	172,153,150	176,160,160	1.00	0.41
20	5	255,255,255	240,240,240	1.00	1.00
21	5	207,158,128	240,240,240	1.00	0.28
22	5	188,118,77	192,96,64	1.00	0.36
23	5	188,118,77	192,96,64	1.00	0.36
24	5	188,118,77	192,96,64	1.00	0.36
25	5	188,118,77	192,96,64	1.00	0.36
26	5	188,131,100	192,96,64	1.00	0.27
27	5	167,137,129	160,128,144	1.00	0.21
28	5	138,119,129	112,96,112	1.00	0.46
29	5	145,122,132	160,128,144	1.00	0.65
30	5	148,126,134	160,128,144	1.00	0.62
31	5	152,122,124	160,128,144	1.00	0.40
32	5	152,102,94	160,80,64	1.00	0.27
33	5	150,89,75	160,80,64	1.00	0.36
34	5	150,89,75	160,80,64	1.00	0.36
35	5	150,89,75	160,80,64	1.00	0.36
36	5	150,89,75	160,80,64	1.00	0.36
37	5	178,136,126	240,240,240	1.00	0.28
38	5	167,137,129	160,128,144	1.00	0.21
39	5	138,119,129	112,96,112	1.00	0.46
40	5	142,120,131	160,128,144	1.00	0.59
41	5	163,141,144	160,128,144	1.00	0.60
42	5	159,136,141	160,128,144	1.00	0.63
43	5	155,131,138	160,128,144	1.00	0.88
44	5	148,126,134	160,128,144	1.00	0.62
45	5	152,122,124	160,128,144	1.00	0.40
46	5	207,158,128	240,240,240	1.00	0.28
47	5	188,118,77	192,96,64	1.00	0.36
48	5	188,118,77	192,96,64	1.00	0.36
49	5	188,118,77	192,96,64	1.00	0.36
50	5	188,118,77	192,96,64	1.00	0.36
51	5	188,131,100	192,96,64	1.00	0.27
52	5	167,137,129	160,128,144	1.00	0.21
53	5	129,115,141	112,96,112	1.00	0.29
54	5	112,112,170	96,112,208	1.00	0.44
55	5	134,122,148	160,128,144	1.00	0.41
56	5	152,122,124	160,128,144	1.00	0.40
57	5	152,102,94	160,80,64	1.00	0.27
58	5	150,89,75	160,80,64	1.00	0.36
59	5	150,89,75	160,80,64	1.00	0.36
60	5	150,89,75	160,80,64	1.00	0.36
61	5	150,89,75	160,80,64	1.00	0.36
62	5	178,136,126	240,240,240	1.00	0.28
63	5	255,255,255	240,240,240	1.00	1.00
0	6	150,134,144	160,128,144	1.00	0.34
1	6	127,121,161	96,112,208	1.00	0.25
2	6	150,134,144	160,128,144	1.00	0.34
3	6	127,121,161	96,112,208	1.00	0.25
4	6	150,134,144	160,128,144	1.00	0.34
5	6	127,121,161	96,112,208	1.00	0.25
6	6	150,134,144	160,128,144	1.00	0.34
7	6	127,121,161	96,112,208	1.00	0.25
8	6	150,134,144	160,128,144	1.00	0.34
9	6	222,209,177	224,208,176	1.00	0.94
10	6	190,174,160	224,208,176	1.00	0.48
11	6	227,213,180	224,208,176	1.00	0.95
12	6	226,213,180	224,208,176	1.00	0.94
13	6	211,195,171	224,208,176	1.00	0.71
14	6	180,163,155	160,128,144	1.00	0.29
15	6	227,214,180	224,208,176	1.00	0.96
16	6	189,173,160	176,160,160	1.00	0.29
17	6	227,214,180	224,208,176	1.00	0.95
18	6	185,168,158	176,160,160	1.00	0.26
19	6	224,210,179	224,208,176	1.00	0.86
20	6	255,255,255	240,240,240	1.00	1.00
21	6	207,158,128	240,240,240	1.00	0.28
22	6	188,118,77	192,96,64	1.00	0.36
23	6	188,118,77	192,96,64	1.00	0.36
24	6	188,131,100	192,96,64	1.00	0.27
25	6	167,137,129	160,128,144	1.00	0.21
26	6	138,119,129	112,96,112	1.00	0.46
27	6	142,120,131	160,128,144	1.00	0.59
28	6	163,140,144	160,128,144	1.00	0.71
29	6	176,156,153	160,128,144	1.00	0.34
30	6	166,141,146	160,128,144	1.00	0.79
31	6	155,131,138	160,128,144	1.00	0.88
32	6	148,126,134	160,128,144	1.00	0.62
33	6	152,122,124	160,128,144	1.00	0.40
34	6	152,102,94	160,80,64	1.00	0.27
35	6	150,89,75	160,80,64	1.00	0.36
36	6	150,89,75	160,80,64	1.00	0.36
37	6	178,136,126	240,240,240	1.00	0.28
38	6	152,133,136	160,128,144	1.00	0.38
39	6	164,146,144	176,160,160	1.00	0.35
40	6	166,148,146	176,160,160	1.00	0.38
41	6	166,147,145	176,160,160	1.00	0.36
42	6	165,146,145	176,160,160	1.00	0.35
43	6	166,148,146	176,160,160	1.00	0.38
44	6	166,148,146	176,160,160	1.00	0.38
45	6	156,137,139	160,128,144	1.00	0.41
46	6	207,158,128	240,240,240	1.00	0.28
47	6	188,118,77	192,96,64	1.00	0.36
48	6	188,118,77	192,96,64	1.00	0.36
49	6	188,131,100	192,96,64	1.00	0.27
50	6	167,137,129	160,128,144	1.00	0.21
51	6	129,115,141	112,96,112	1.00	0.29
52	6	105,109,176	96,112,208	1.00	0.47
53	6	115,125,195	96,112,208	1.00	0.68
54	6	158,147,166	160,128,144	1.00	0.25
55	6	115,127,197	96,112,208	1.00	0.76
56	6	110,119,186	96,112,208	1.00	0.72
57	6	134,122,148	160,128,144	1.00	0.41
58	6	152,122,124	160,128,144	1.00	0.40
59	6	152,102,94	160,80,64	1.00	0.27
60	6	150,89,75	160,80,64	1.00	0.36
61	6	150,89,75	160,80,64	1.00	0.36
62	6	178,136,126	240,240,240	1.00	0.28
63	6	255,255,255	240,240,240	1.00	1.00
0	7	148,135,154	160,128,144	1.00	0.35
1	7	137,120,127	160,128,144	1.00	0.31
2	7	148,135,154	160,128,144	1.00	0.35
3	7	157,133,141	160,128,144	1.00	0.75
4	7	148,135,154	160,128,144	1.00	0.35
5	7	157,133,141	160,128,144	1.00	0.75
6	7	147,135,154	160,128,144	1.00	0.34
7	7	227,213,180	224,208,176	1.00	0.94
8	7	164,154,163	224,208,176	1.00	0.28
9	7	222,208,177	224,208,176	1.00	0.92
10	7	190,174,160	224,208,176	1.00	0.48
11	7	227,214,180	224,208,176	1.00	0.96
12	7	217,201,174	224,208,176	1.00	0.71
13	7	197,179,163	224,208,176	1.00	0.54
14	7	193,177,163	224,208,176	1.00	0.34
15	7	224,210,179	224,208,176	1.00	0.86
16	7	192,176,162	224,208,176	1.00	0.36
17	7	227,214,180	224,208,176	1.00	0.96
18	7	196,180,165	224,208,176	1.00	0.34
19	7	224,210,179	224,208,176	1.00	0.84
20	7	255,255,255	240,240,240	1.00	1.00
21	7	207,158,128	240,240,240	1.00	0.28
22	7	188,131,100	192,96,64	1.00	0.27
23	7	167,137,129	160,128,144	1.00	0.21
24	7	138,119,129	112,96,112	1.00	0.46
25	7	142,120,131	160,128,144	1.00	0.59
26	7	160,134,142	160,128,144	1.00	0.92
27	7	173,152,151	160,128,144	1.00	0.48
28	7	165,141,146	160,128,144	1.00	0.79
29	7	173,153,151	176,160,160	1.00	0.35
30	7	166,141,146	160,128,144	1.00	0.79
31	7	173,152,151	160,128,144	1.00	0.48
32	7	163,137,144	160,128,144	1.00	1.00
33	7	155,131,138	160,128,144	1.00	0.88
34	7	148,126,134	160,128,144	1.00	0.62
35	7	152,122,124	160,128,144	1.00	0.40
36	7	152,102,94	160,80,64	1.00	0.27
37	7	178,136,126	240,240,240	1.00	0.28
38	7	255,255,255	240,240,240	1.00	1.00
39	7	255,255,255	240,240,240	1.00	1.00
40	7	255,255,255	240,240,240	1.00	1.00
41	7	237,231,228	240,240,240	1.00	0.72
42	7	229,222,223	240,240,240	1.00	0.72
43	7	255,255,255	240,240,240	1.00	1.00
44	7	255,255,255	240,240,240	1.00	1.00
45	7	255,255,255	240,240,240	1.00	1.00
46	7	207,158,128	240,240,240	1.00	0.28
47	7	188,131,100	192,96,64	1.00	0.27
48	7	167,137,129	160,128,144	1.00	0.21
49	7	129,115,141	112,96,112	1.00	0.29
50	7	105,109,176	96,112,208	1.00	0.47
51	7	99,118,207	96,112,208	1.00	0.92
52	7	153,147,174	96,112,208	1.00	0.27
53	7	115,127,197	96,112,208	1.00	0.76
54	7	156,144,164	176,160,160	1.00	0.28
55	7	115,127,197	96,112,208	1.00	0.76
56	7	153,147,174	96,112,208	1.00	0.27
57	7	100,121,210	96,112,208	1.00	1.00
58	7	110,119,186	96,112,208	1.00	0.72
59	7	134,122,148	160,128,144	1.00	0.41
60	7	152,122,124	160,128,144	1.00	0.40
61	7	152,102,94	160,80,64	1.00	0.27
62	7	178,136,126	240,240,240	1.00	0.28
63	7	255,255,255	240,240,240	1.00	1.00
0	8	180,162,155	160,128,144	1.00	0.32
1	8	112,98,111	64,48,80	1.00	0.45
2	8	180,162,155	160,128,144	1.00	0.32
3	8	157,133,141	160,128,144	1.00	0.74
4	8	180,162,155	160,128,144	1.00	0.32
5	8	157,133,141	160,128,144	1.00	0.74
6	8	179,161,154	160,128,144	1.00	0.29
7	8	227,213,180	224,208,176	1.00	0.94
8	8	194,178,163	224,208,176	1.00	0.36
9	8	222,209,177	224,208,176	1.00	0.94
10	8	191,174,160	224,208,176	1.00	0.37
11	8	198,164,138	224,208,176	1.00	0.27
12	8	179,139,119	160,128,144	1.00	0.17
13	8	155,118,113	160,128,144	1.00	0.17
14	8	173,140,129	224,208,176	1.00	0.25
15	8	203,187,167	224,208,176	1.00	0.61
16	8	210,194,171	224,208,176	1.00	0.66
17	8	210,194,171	224,208,176	1.00	0.66
18	8	219,206,178	224,208,176	1.00	0.72
19	8	220,207,178	224,208,176	1.00	0.72
20	8	255,255,255	240,240,240	1.00	1.00
21	8	192,173,168	240,240,240	1.00	0.26
22	8	145,126,132	160,128,144	1.00	0.36
23	8	152,133,136	160,128,144	1.00	0.38
24	8	164,146,144	176,160,160	1.00	0.35
25	8	166,148,146	176,160,160	1.00	0.38
26	8	166,148,146	176,160,160	1.00	0.38
27	8	166,148,146	176,160,160	1.00	0.38
28	8	166,148,146	176,160,160	1.00	0.38
29	8	166,148,146	176,160,160	1.00	0.38
30	8	166,148,146	176,160,160	1.00	0.38
31	8	166,148,146	176,160,160	1.00	0.38
32	8	166,148,146	176,160,160	1.00	0.38
33	8	166,148,146	176,160,160	1.00	0.38
34	8	166,148,146	176,160,160	1.00	0.38
35	8	156,137,139	160,128,144	1.00	0.41
36	8	146,126,132	160,128,144	1.00	0.42
37	8	177,158,160	160,128,144	1.00	0.30
38	8	255,255,255	240,240,240	1.00	1.00
39	8	237,231,229	240,240,240	1.00	0.72
40	8	205,173,155	240,240,240	1.00	0.22
41	8	192,133,93	192,96,64	1.00	0.27
42	8	155,102,89	160,80,64	1.00	0.30
43	8	180,150,146	160,128,144	1.00	0.25
44	8	229,222,223	240,240,240	1.00	0.72
45	8	255,255,255	240,240,240	1.00	1.00
46	8	192,173,168	240,240,240	1.00	0.26
47	8	145,126,132	160,128,144	1.00	0.36
48	8	152,133,136	160,128,144	1.00	0.38
49	8	163,145,146	176,160,160	1.00	0.35
50	8	164,147,149	176,160,160	1.00	0.38
51	8	164,147,149	176,160,160	1.00	0.38
52	8	164,147,149	176,160,160	1.00	0.38
53	8	164,147,149	176,160,160	1.00	0.38
54	8	164,147,149	176,160,160	1.00	0.38
55	8	164,147,149	176,160,160	1.00	0.38
56	8	164,147,149	176,160,160	1.00	0.38
57	8	164,147,149	176,160,160	1.00	0.38
58	8	164,147,149	176,160,160	1.00	0.38
59	8	164,147,149	176,160,160	1.00	0.38
60	8	156,137,139	160,128,144	1.00	0.41
61	8	146,126,132	160,128,144	1.00	0.42
62	8	177,158,160	160,128,144	1.00	0.30
63	8	255,255,255	240,240,240	1.00	1.00
0	9	189,172,160	176,160,160	1.00	0.30
1	9	227,214,180	224,208,176	1.00	0.96
2	9	189,172,160	176,160,160	1.00	0.30
3	9	227,213,180	224,208,176	1.00	0.94
4	9	189,173,160	176,160,160	1.00	0.29
5	9	227,213,180	224,208,176	1.00	0.94
6	9	189,173,160	176,160,160	1.00	0.29
7	9	227,213,180	224,208,176	1.00	0.94
8	9	193,175,163	176,160,160	1.00	0.36
9	9	198,164,138	224,208,176	1.00	0.27
10	9	189,128,92	160,80,64	1.00	0.29
11	9	188,118,77	192,96,64	1.00	0.36
12	9	169,136,124	176,160,160	1.00	0.23
13	9	151,120,119	160,128,144	1.00	0.25
14	9	150,89,75	160,80,64	1.00	0.36
15	9	154,100,88	160,80,64	1.00	0.28
16	9	172,138,129	160,128,144	1.00	0.29
17	9	188,170,160	160,128,144	1.00	0.37
18	9	191,175,164	160,128,144	1.00	0.27
19	9	191,175,164	112,96,112	1.00	0.26
20	9	255,255,255	240,240,240	1.00	1.00
21	9	255,255,255	240,240,240	1.00	1.00
22	9	155,135,137	160,128,144	1.00	0.40
23	9	149,128,134	160,128,144	1.00	0.43
24	9	155,135,137	160,128,144	1.00	0.40
25	9	149,128,134	160,128,144	1.00	0.43
26	9	155,135,137	160,128,144	1.00	0.40
27	9	149,128,134	160,128,144	1.00	0.43
28	9	155,135,137	160,128,144	1.00	0.40
29	9	149,128,134	160,128,144	1.00	0.43
30	9	155,135,137	160,128,144	1.00	0.40
31	9	149,128,134	160,128,144	1.00	0.43
32	9	155,135,137	160,128,144	1.00	0.40
33	9	149,128,134	160,128,144	1.00	0.43
34	9	155,135,137	160,128,144	1.00	0.40
35	9	149,128,134	160,128,144	1.00	0.43
36	9	155,136,137	160,128,144	1.00	0.40
37	9	255,255,255	240,240,240	1.00	1.00
38	9	205,173,155	240,240,240	1.00	0.22
39	9	189,128,92	160,80,64	1.00	0.29
40	9	188,118,77	192,96,64	1.00	0.36
41	9	192,123,78	192,96,64	1.00	0.35
42	9	152,91,76	160,80,64	1.00	0.38
43	9	150,89,75	160,80,64	1.00	0.36
44	9	154,100,88	160,80,64	1.00	0.28
45	9	180,150,146	160,128,144	1.00	0.25
46	9	255,255,255	240,240,240	1.00	1.00
47	9	150,134,144	160,128,144	1.00	0.34
48	9	127,121,161	96,112,208	1.00	0.25
49	9	150,134,144	160,128,144	1.00	0.34
50	9	127,121,161	96,112,208	1.00	0.25
51	9	150,134,144	160,128,144	1.00	0.34
52	9	127,121,161	96,112,208	1.00	0.25
53	9	150,134,144	160,128,144	1.00	0.34
54	9	127,121,161	96,112,208	1.00	0.25
55	9	150,134,144	160,128,144	1.00	0.34
56	9	127,121,161	96,112,208	1.00	0.25
57	9	150,134,144	160,128,144	1.00	0.34
58	9	127,121,161	96,112,208	1.00	0.25
59	9	150,134,144	160,128,144	1.00	0.34
60	9	127,121,161	96,112,208	1.00	0.25
61	9	150,134,144	160,128,144	1.00	0.34
62	9	255,255,255	240,240,240	1.00	1.00
63	9	255,255,255	240,240,240	1.00	1.00
0	10	178,174,180	224,208,176	1.00	0.34
1	10	226,213,180	224,208,176	1.00	0.94
2	10	178,174,180	224,208,176	1.00	0.34
3	10	227,213,180	224,208,176	1.00	0.94
4	10	178,173,180	224,208,176	1.00	0.32
5	10	227,213,180	224,208,176	1.00	0.94
6	10	178,173,180	224,208,176	1.00	0.32
7	10	199,167,142	224,208,176	1.00	0.30
8	10	189,128,92	160,80,64	1.00	0.29
9	10	188,118,77	192,96,64	1.00	0.36
10	10	188,131,100	192,96,64	1.00	0.27
11	10	167,137,129	160,128,144	1.00	0.21
12	10	130,116,142	112,96,112	1.00	0.29
13	10	134,122,147	160,128,144	1.00	0.42
14	10	152,122,124	160,128,144	1.00	0.40
15	10	152,102,94	160,80,64	1.00	0.27
16	10	150,89,75	160,80,64	1.00	0.36
17	10	154,100,88	160,80,64	1.00	0.28
18	10	162,131,126	160,128,144	1.00	0.30
19	10	191,175,164	112,96,112	1.00	0.26
20	10	255,255,255	240,240,240	1.00	1.00
21	10	255,255,255	240,240,240	1.00	1.00
22	10	183,168,168	160,128,144	1.00	0.27
23	10	255,255,255	240,240,240	1.00	1.00
24	10	183,168,168	160,128,144	1.00	0.27
25	10	255,255,255	240,240,240	1.00	1.00
26	10	183,168,168	160,128,144	1.00	0.27
27	10	255,255,255	240,240,240	1.00	1.00
28	10	183,168,168	160,128,144	1.00	0.27
29	10	255,255,255	240,240,240	1.00	1.00
30	10	183,168,168	160,128,144	1.00	0.27
31	10	255,255,255	240,240,240	1.00	1.00
32	10	183,168,168	160,128,144	1.00	0.27
33	10	255,255,255	240,240,240	1.00	1.00
34	10	183,168,168	160,128,144	1.00	0.27
35	10	255,255,255	240,240,240	1.00	1.00
36	10	183,168,168	160,128,144	1.00	0.27
37	10	255,255,255	240,240,240	1.00	1.00
38	10	188,118,77	192,96,64	1.00	0.36
39	10	188,118,77	192,96,64	1.00	0.36
40	10	188,118,77	192,96,64	1.00	0.36
41	10	189,133,100	192,96,64	1.00	0.27
42	10	154,105,95	160,80,64	1.00	0.28
43	10	150,89,75	160,80,64	1.00	0.36
44	10	150,89,75	160,80,64	1.00	0.36
45	10	150,89,75	160,80,64	1.00	0.36
46	10	255,255,255	240,240,240	1.00	1.00
47	10	171,163,180	240,240,240	1.00	0.23
48	10	255,255,255	240,240,240	1.00	1.00
49	10	171,163,180	240,240,240	1.00	0.23
50	10	255,255,255	240,240,240	1.00	1.00
51	10	171,163,180	240,240,240	1.00	0.23
52	10	255,255,255	240,240,240	1.00	1.00
53	10	171,163,180	240,240,240	1.00	0.23
54	10	255,255,255	240,240,240	1.00	1.00
55	10	171,163,180	240,240,240	1.00	0.23
56	10	255,255,255	240,240,240	1.00	1.00
57	10	171,163,180	240,240,240	1.00	0.23
58	10	255,255,255	240,240,240	1.00	1.00
59	10	171,163,180	240,240,240	1.00	0.23
60	10	255,255,255	240,240,240	1.00	1.00
61	10	171,163,180	240,240,240	1.00	0.23
62	10	255,255,255	240,240,240	1.00	1.00
63	10	255,255,255	240,240,240	1.00	1.00
0	11	219,206,178	224,208,176	1.00	0.72
1	11	220,207,178	224,208,176	1.00	0.72
2	11	219,206,178	224,208,176	1.00	0.72
3	11	210,194,171	224,208,176	1.00	0.66
4	11	210,194,171	224,208,176	1.00	0.66
5	11	210,194,171	224,208,176	1.00	0.66
6	11	210,194,171	224,208,176	1.00	0.66
7	11	195,142,105	160,80,64	1.00	0.26
8	11	188,131,100	192,96,64	1.00	0.27
9	11	167,137,129	160,128,144	1.00	0.21
10	11	129,115,141	112,96,112	1.00	0.29
11	11	105,109,176	96,112,208	1.00	0.47
12	11	137,134,172	96,112,208	1.00	0.40
13	11	132,129,170	96,112,208	1.00	0.43
14	11	110,119,186	96,112,208	1.00	0.72
15	11	134,122,148	160,128,144	1.00	0.41
16	11	152,122,124	160,128,144	1.00	0.40
17	11	152,102,94	160,80,64	1.00	0.27
18	11	166,119,102	160,80,64	1.00	0.21
19	11	214,200,174	224,208,176	1.00	0.73
20	11	255,255,255	240,240,240	1.00	1.00
21	11	255,255,255	240,240,240	1.00	1.00
22	11	202,189,180	240,240,240	1.00	0.22
23	11	255,255,255	240,240,240	1.00	1.00
24	11	202,189,180	240,240,240	1.00	0.22
25	11	255,255,255	240,240,240	1.00	1.00
26	11	202,189,180	240,240,240	1.00	0.22
27	11	255,255,255	240,240,240	1.00	1.00
28	11	202,189,180	240,240,240	1.00	0.22
29	11	255,255,255	240,240,240	1.00	1.00
30	11	202,189,180	240,240,240	1.00	0.22
31	11	255,255,255	240,240,240	1.00	1.00
32	11	202,189,180	240,240,240	1.00	0.22
33	11	255,255,255	240,240,240	1.00	1.00
34	11	202,189,180	240,240,240	1.00	0.22
35	11	255,255,255	240,240,240	1.00	1.00
36	11	202,189,180	240,240,240	1.00	0.22
37	11	255,255,255	240,240,240	1.00	1.00
38	11	188,118,77	192,96,64	1.00	0.36
39	11	188,131,100	192,96,64	1.00	0.27
40	11	167,137,129	160,128,144	1.00	0.21
41	11	130,116,142	112,96,112	1.00	0.29
42	11	134,122,147	160,128,144	1.00	0.42
43	11	152,122,124	160,128,144	1.00	0.40
44	11	152,102,94	160,80,64	1.00	0.27
45	11	150,89,75	160,80,64	1.00	0.36
46	11	255,255,255	240,240,240	1.00	1.00
47	11	202,189,180	240,240,240	1.00	0.22
48	11	255,255,255	240,240,240	1.00	1.00
49	11	202,189,180	240,240,240	1.00	0.22
50	11	255,255,255	240,240,240	1.00	1.00
51	11	202,189,180	240,240,240	1.00	0.22
52	11	255,255,255	240,240,240	1.00	1.00
53	11	202,189,180	240,240,240	1.00	0.22
54	11	255,255,255	240,240,240	1.00	1.00
55	11	202,189,180	240,240,240	1.00	0.22
56	11	255,255,255	240,240,240	1.00	1.00
57	11	202,189,180	240,240,240	1.00	0.22
58	11	255,255,255	240,240,240	1.00	1.00
59	11	202,189,180	240,240,240	1.00	0.22
60	11	255,255,255	240,240,240	1.00	1.00
61	11	202,189,180	240,240,240	1.00	0.22
62	11	255,255,255	240,240,240	1.00	1.00
63	11	255,255,255	240,240,240	1.00	1.00
0	12	191,175,164	160,128,144	1.00	0.27
1	12	191,175,164	112,96,112	1.00	0.26
2	12	188,173,163	112,96,112	1.00	0.28
3	12	192,175,163	224,208,176	1.00	0.37
4	12	192,175,162	224,208,176	1.00	0.37
5	12	192,175,163	224,208,176	1.00	0.37
6	12	192,175,162	224,208,176	1.00	0.37
7	12	171,147,141	160,128,144	1.00	0.30
8	12	145,126,132	160,128,144	1.00	0.36
9	12	152,133,136	160,128,144	1.00	0.38
10	12	163,145,146	176,160,160	1.00	0.35
11	12	164,147,149	176,160,160	1.00	0.38
12	12	165,147,147	176,160,160	1.00	0.36
13	12	164,146,146	176,160,160	1.00	0.35
14	12	164,147,149	176,160,160	1.00	0.38
15	12	164,147,149	176,160,160	1.00	0.38
16	12	156,137,139	160,128,144	1.00	0.41
17	12	146,126,132	160,128,144	1.00	0.42
18	12	168,146,140	160,128,144	1.00	0.30
19	12	227,214,180	224,208,176	1.00	0.96
20	12	255,255,255	240,240,240	1.00	1.00
21	12	255,255,255	240,240,240	1.00	1.00
22	12	194,179,170	176,160,160	1.00	0.26
23	12	255,255,255	240,240,240	1.00	1.00
24	12	194,179,170	176,160,160	1.00	0.26
25	12	255,255,255	240,240,240	1.00	1.00
26	12	194,179,170	176,160,160	1.00	0.26
27	12	255,255,255	240,240,240	1.00	1.00
28	12	194,179,170	176,160,160	1.00	0.26
29	12	255,255,255	240,240,240	1.00	1.00
30	12	194,179,170	176,160,160	1.00	0.26
31	12	255,255,255	240,240,240	1.00	1.00
32	12	194,179,170	176,160,160	1.00	0.26
33	12	255,255,255	240,240,240	1.00	1.00
34	12	194,179,170	176,160,160	1.00	0.26
35	12	255,255,255	240,240,240	1.00	1.00
36	12	194,179,170	176,160,160	1.00	0.26
37	12	255,255,255	240,240,240	1.00	1.00
38	12	167,137,129	160,128,144	1.00	0.21
39	12	129,115,141	112,96,112	1.00	0.29
40	12	105,109,176	96,112,208	1.00	0.47
41	12	137,134,172	96,112,208	1.00	0.40
42	12	132,129,170	96,112,208	1.00	0.43
43	12	110,119,186	96,112,208	1.00	0.72
44	12	134,122,148	160,128,144	1.00	0.41
45	12	152,122,124	160,128,144	1.00	0.40
46	12	255,255,255	240,240,240	1.00	1.00
47	12	194,179,170	176,160,160	1.00	0.26
48	12	255,255,255	240,240,240	1.00	1.00
49	12	194,179,170	176,160,160	1.00	0.26
50	12	255,255,255	240,240,240	1.00	1.00
51	12	194,179,170	176,160,160	1.00	0.26
52	12	255,255,255	240,240,240	1.00	1.00
53	12	194,179,170	176,160,160	1.00	0.26
54	12	255,255,255	240,240,240	1.00	1.00
55	12	194,179,170	176,160,160	1.00	0.26
56	12	255,255,255	240,240,240	1.00	1.00
57	12	194,179,170	176,160,160	1.00	0.26
58	12	255,255,255	240,240,240	1.00	1.00
59	12	194,179,170	176,160,160	1.00	0.26
60	12	255,255,255	240,240,240	1.00	1.00
61	12	194,179,170	176,160,160	1.00	0.26
62	12	255,255,255	240,240,240	1.00	1.00
63	12	255,255,255	240,240,240	1.00	1.00
0	13	191,175,164	160,128,144	1.00	0.27
1	13	191,175,164	112,96,112	1.00	0.26
2	13	189,173,163	112,96,112	1.00	0.28
3	13	172,154,153	160,128,144	1.00	0.29
4	13	192,175,162	224,208,176	1.00	0.37
5	13	192,175,163	224,208,176	1.00	0.37
6	13	192,175,162	224,208,176	1.00	0.37
7	13	192,175,163	224,208,176	1.00	0.37
8	13	150,134,144	160,128,144	1.00	0.34
9	13	127,121,161	96,112,208	1.00	0.25
10	13	127,121,161	96,112,208	1.00	0.25
11	13	150,134,144	160,128,144	1.00	0.34
12	13	127,121,161	96,112,208	1.00	0.25
13	13	127,121,161	96,112,208	1.00	0.25
14	13	150,134,144	160,128,144	1.00	0.34
15	13	127,121,161	96,112,208	1.00	0.25
16	13	127,121,161	96,112,208	1.00	0.25
17	13	150,134,144	160,128,144	1.00	0.34
18	13	227,213,180	224,208,176	1.00	0.95
19	13	226,213,180	224,208,176	1.00	0.94
20	13	255,255,255	240,240,240	1.00	1.00
21	13	255,255,255	240,240,240	1.00	1.00
22	13	206,193,186	240,240,240	1.00	0.27
23	13	255,255,255	240,240,240	1.00	1.00
24	13	206,193,186	240,240,240	1.00	0.27
25	13	255,255,255	240,240,240	1.00	1.00
26	13	206,193,186	240,240,240	1.00	0.27
27	13	255,255,255	240,240,240	1.00	1.00
28	13	206,193,186	240,240,240	1.00	0.27
29	13	255,255,255	240,240,240	1.00	1.00
30	13	206,193,186	240,240,240	1.00	0.27
31	13	255,255,255	240,240,240	1.00	1.00
32	13	206,193,186	240,240,240	1.00	0.27
33	13	255,255,255	240,240,240	1.00	1.00
34	13	206,193,186	240,240,240	1.00	0.27
35	13	255,255,255	240,240,240	1.00	1.00
36	13	206,193,186	240,240,240	1.00	0.27
37	13	255,255,255	240,240,240	1.00	1.00
38	13	152,133,136	160,128,144	1.00	0.38
39	13	163,145,146	176,160,160	1.00	0.35
40	13	164,147,149	176,160,160	1.00	0.38
41	13	165,147,147	176,160,160	1.00	0.36
42	13	164,146,146	176,160,160	1.00	0.35
43	13	164,147,149	176,160,160	1.00	0.38
44	13	164,147,149	176,160,160	1.00	0.38
45	13	156,137,139	160,128,144	1.00	0.41
46	13	255,255,255	240,240,240	1.00	1.00
47	13	186,185,201	240,240,240	1.00	0.27
48	13	255,255,255	240,240,240	1.00	1.00
49	13	186,185,201	240,240,240	1.00	0.27
50	13	255,255,255	240,240,240	1.00	1.00
51	13	186,185,201	240,240,240	1.00	0.27
52	13	255,255,255	240,240,240	1.00	1.00
53	13	186,185,201	240,240,240	1.00	0.27
54	13	255,255,255	240,240,240	1.00	1.00
55	13	186,185,201	240,240,240	1.00	0.27
56	13	255,255,255	240,240,240	1.00	1.00
57	13	186,185,201	240,240,240	1.00	0.27
58	13	255,255,255	240,240,240	1.00	1.00
59	13	186,185,201	240,240,240	1.00	0.27
60	13	255,255,255	240,240,240	1.00	1.00
61	13	186,185,201	240,240,240	1.00	0.27
62	13	255,255,255	240,240,240	1.00	1.00
63	13	255,255,255	240,240,240	1.00	1.00
0	14	211,196,172	224,208,176	1.00	0.69
1	14	214,200,174	224,208,176	1.00	0.73
2	14	212,197,173	224,208,176	1.00	0.70
3	14	166,153,163	176,160,160	1.00	0.37
4	14	226,213,180	224,208,176	1.00	0.93
5	14	227,214,180	224,208,176	1.00	0.96
6	14	226,213,180	224,208,176	1.00	0.93
7	14	227,213,180	224,208,176	1.00	0.94
8	14	164,154,163	224,208,176	1.00	0.28
9	14	158,134,142	160,128,144	1.00	0.72
10	14	157,133,141	160,128,144	1.00	0.75
11	14	148,135,154	160,128,144	1.00	0.35
12	14	149,120,121	160,128,144	1.00	0.29
13	14	151,119,119	160,128,144	1.00	0.29
14	14	148,135,154	160,128,144	1.00	0.35
15	14	157,133,141	160,128,144	1.00	0.75
16	14	156,133,140	160,128,144	1.00	0.71
17	14	164,154,163	224,208,176	1.00	0.28
18	14	226,213,180	224,208,176	1.00	0.93
19	14	227,213,180	224,208,176	1.00	0.94
20	14	255,255,255	240,240,240	1.00	1.00
21	14	255,255,255	240,240,240	1.00	1.00
22	14	255,255,255	240,240,240	1.00	1.00
23	14	255,255,255	240,240,240	1.00	1.00
24	14	255,255,255	240,240,240	1.00	1.00
25	14	255,255,255	240,240,240	1.00	1.00
26	14	255,255,255	240,240,240	1.00	1.00
27	14	255,255,255	240,240,240	1.00	1.00
28	14	255,255,255	240,240,240	1.00	1.00
29	14	255,255,255	240,240,240	1.00	1.00
30	14	255,255,255	240,240,240	1.00	1.00
31	14	255,255,255	240,240,240	1.00	1.00
32	14	255,255,255	240,240,240	1.00	1.00
33	14	255,255,255	240,240,240	1.00	1.00
34	14	255,255,255	240,240,240	1.00	1.00
35	14	255,255,255	240,240,240	1.00	1.00
36	14	255,255,255	240,240,240	1.00	1.00
37	14	255,255,255	240,240,240	1.00	1.00
38	14	255,255,255	240,240,240	1.00	1.00
39	14	255,255,255	240,240,240	1.00	1.00
40	14	255,255,255	240,240,240	1.00	1.00
41	14	255,255,255	240,240,240	1.00	1.00
42	14	255,255,255	240,240,240	1.00	1.00
43	14	255,255,255	240,240,240	1.00	1.00
44	14	255,255,255	240,240,240	1.00	1.00
45	14	255,255,255	240,240,240	1.00	1.00
46	14	255,255,255	240,240,240	1.00	1.00
47	14	255,255,255	240,240,240	1.00	1.00
48	14	255,255,255	240,240,240	1.00	1.00
49	14	255,255,255	240,240,240	1.00	1.00
50	14	255,255,255	240,240,240	1.00	1.00
51	14	255,255,255	240,240,240	1.00	1.00
52	14	255,255,255	240,240,240	1.00	1.00
53	14	255,255,255	240,240,240	1.00	1.00
54	14	255,255,255	240,240,240	1.00	1.00
55	14	255,255,255	240,240,240	1.00	1.00
56	14	255,255,255	240,240,240	1.00	1.00
57	14	255,255,255	240,240,240	1.00	1.00
58	14	255,255,255	240,240,240	1.00	1.00
59	14	255,255,255	240,240,240	1.00	1.00
60	14	255,255,255	240,240,240	1.00	1.00
61	14	255,255,255	240,240,240	1.00	1.00
62	14	255,255,255	240,240,240	1.00	1.00
63	14	255,255,255	240,240,240	1.00	1.00
0	15	255,255,255	240,240,240	1.00	1.00
1	15	255,255,255	240,240,240	1.00	1.00
2	15	255,255,255	240,240,240	1.00	1.00
3	15	255,255,255	240,240,240	1.00	1.00
4	15	255,255,255	240,240,240	1.00	1.00
5	15	255,255,255	240,240,240	1.00	1.00
6	15	255,255,255	240,240,240	1.00	1.00
7	15	255,255,255	240,240,240	1.00	1.00
8	15	255,255,255	240,240,240	1.00	1.00
9	15	255,255,255	240,240,240	1.00	1.00
10	15	255,255,255	240,240,240	1.00	1.00
11	15	255,255,255	240,240,240	1.00	1.00
12	15	255,255,255	240,240,240	1.00	1.00
13	15	255,255,255	240,240,240	1.00	1.00
14	15	255,255,255	240,240,240	1.00	1.00
15	15	255,255,255	240,240,240	1.00	1.00
16	15	255,255,255	240,240,240	1.00	1.00
17	15	255,255,255	240,240,240	1.00	1.00
18	15	255,255,255	240,240,240	1.00	1.00
19	15	255,255,255	240,240,240	1.00	1.00
20	15	255,255,255	240,240,240	1.00	1.00
21	15	255,255,255	240,240,240	1.00	1.00
22	15	255,255,255	240,240,240	1.00	1.00
23	15	255,255,255	240,240,240	1.00	1.00
24	15	255,255,255	240,240,240	1.00	1.00
25	15	255,255,255	240,240,240	1.00	1.00
26	15	255,255,255	240,240,240	1.00	1.00
27	15	255,255,255	240,240,240	1.00	1.00
28	15	255,255,255	240,240,240	1.00	1.00
29	15	255,255,255	240,240,240	1.00	1.00
30	15	255,255,255	240,240,240	1.00	1.00
31	15	255,255,255	240,240,240	1.00	1.00
32	15	255,255,255	240,240,240	1.00	1.00
33	15	255,255,255	240,240,240	1.00	1.00
34	15	255,255,255	240,240,240	1.00	1.00
35	15	255,255,255	240,240,240	1.00	1.00
36	15	255,255,255	240,240,240	1.00	1.00
37	15	235,230,228	240,240,240	1.00	0.72
38	15	229,223,224	240,240,240	1.00	0.72
39	15	236,231,229	240,240,240	1.00	0.72
40	15	192,179,181	240,240,240	1.00	0.34
41	15	229,222,224	240,240,240	1.00	0.72
42	15	255,255,255	240,240,240	1.00	1.00
43	15	255,255,255	240,240,240	1.00	1.00
44	15	255,255,255	240,240,240	1.00	1.00
45	15	255,255,255	240,240,240	1.00	1.00
46	15	255,255,255	240,240,240	1.00	1.00
47	15	255,255,255	240,240,240	1.00	1.00
48	15	255,255,255	240,240,240	1.00	1.00
49	15	255,255,255	240,240,240	1.00	1.00
50	15	255,255,255	240,240,240	1.00	1.00
51	15	255,255,255	240,240,240	1.00	1.00
52	15	255,255,255	240,240,240	1.00	1.00
53	15	255,255,255	240,240,240	1.00	1.00
54	15	255,255,255	240,240,240	1.00	1.00
55	15	255,255,255	240,240,240	1.00	1.00
56	15	255,255,255	240,240,240	1.00	1.00
57	15	255,255,255	240,240,240	1.00	1.00
58	15	255,255,255	240,240,240	1.00	1.00
59	15	255,255,255	240,240,240	1.00	1.00
60	15	255,255,255	240,240,240	1.00	1.00
61	15	255,255,255	240,240,240	1.00	1.00
62	15	255,255,255	240,240,240	1.00	1.00
63	15	255,255,255	240,240,240	1.00	1.00
0	16	209,192,170	224,208,176	1.00	0.69
1	16	220,206,176	224,208,176	1.00	0.86
2	16	224,210,178	224,208,176	1.00	0.92
3	16	224,210,178	224,208,176	1.00	0.92
4	16	224,210,178	224,208,176	1.00	0.92
5	16	224,210,178	224,208,176	1.00	0.92
6	16	224,210,178	224,208,176	1.00	0.92
7	16	224,210,178	224,208,176	1.00	0.92
8	16	223,209,178	224,208,176	1.00	0.89
9	16	218,204,175	224,208,176	1.00	0.88
10	16	189,172,159	224,208,176	1.00	0.46
11	16	227,214,180	224,208,176	1.00	0.96
12	16	226,213,180	224,208,176	1.00	0.93
13	16	255,255,255	240,240,240	1.00	1.00
14	16	137,120,127	160,128,144	1.00	0.31
15	16	127,112,121	64,48,80	1.00	0.38
16	16	126,110,120	64,48,80	1.00	0.38
17	16	255,255,255	240,240,240	1.00	1.00
18	16	190,171,161	176,160,160	1.00	0.68
19	16	195,176,164	176,160,160	1.00	0.69
20	16	187,169,159	176,160,160	1.00	0.72
21	16	255,255,255	240,240,240	1.00	1.00
22	16	255,255,255	240,240,240	1.00	1.00
23	16	255,255,255	240,240,240	1.00	1.00
24	16	255,255,255	240,240,240	1.00	1.00
25	16	255,255,255	240,240,240	1.00	1.00
26	16	255,255,255	240,240,240	1.00	1.00
27	16	255,255,255	240,240,240	1.00	1.00
28	16	255,255,255	240,240,240	1.00	1.00
29	16	255,255,255	240,240,240	1.00	1.00
30	16	255,255,255	240,240,240	1.00	1.00
31	16	255,255,255	240,240,240	1.00	1.00
32	16	255,255,255	240,240,240	1.00	1.00
33	16	255,255,255	240,240,240	1.00	1.00
34	16	255,255,255	240,240,240	1.00	1.00
35	16	252,251,251	240,240,240	1.00	0.96
36	16	185,170,170	240,240,240	1.00	0.23
37	16	139,119,129	112,96,112	1.00	0.46
38	16	147,125,133	160,128,144	1.00	0.61
39	16	138,119,129	112,96,112	1.00	0.46
40	16	145,122,132	160,128,144	1.00	0.65
41	16	148,126,134	160,128,144	1.00	0.62
42	16	174,158,163	160,128,144	1.00	0.37
43	16	251,250,250	240,240,240	1.00	0.96
44	16	255,255,255	240,240,240	1.00	1.00
45	16	255,255,255	240,240,240	1.00	1.00
46	16	255,255,255	240,240,240	1.00	1.00
47	16	255,255,255	240,240,240	1.00	1.00
48	16	255,255,255	240,240,240	1.00	1.00
49	16	255,255,255	240,240,240	1.00	1.00
50	16	255,255,255	240,240,240	1.00	1.00
51	16	255,255,255	240,240,240	1.00	1.00
52	16	255,255,255	240,240,240	1.00	1.00
53	16	255,255,255	240,240,240	1.00	1.00
54	16	255,255,255	240,240,240	1.00	1.00
55	16	255,255,255	240,240,240	1.00	1.00
56	16	255,255,255	240,240,240	1.00	1.00
57	16	255,255,255	240,240,240	1.00	1.00
58	16	255,255,255	240,240,240	1.00	1.00
59	16	255,255,255	240,240,240	1.00	1.00
60	16	255,255,255	240,240,240	1.00	1.00
61	16	255,255,255	240,240,240	1.00	1.00
62	16	255,255,255	240,240,240	1.00	1.00
63	16	255,255,255	240,240,240	1.00	1.00
0	17	211,195,171	224,208,176	1.00	0.71
1	17	223,209,178	224,208,176	1.00	0.90
2	17	227,214,180	224,208,176	1.00	0.96
3	17	227,214,180	224,208,176	1.00	0.96
4	17	226,213,180	224,208,176	1.00	0.93
5	17	227,214,180	224,208,176	1.00	0.96
6	17	226,213,180	224,208,176	1.00	0.93
7	17	227,213,180	224,208,176	1.00	0.94
8	17	227,214,180	224,208,176	1.00	0.96
9	17	222,208,177	224,208,176	1.00	0.92
10	17	190,174,160	224,208,176	1.00	0.48
11	17	226,213,180	224,208,176	1.00	0.94
12	17	227,213,180	224,208,176	1.00	0.95
13	17	255,255,255	240,240,240	1.00	1.00
14	17	112,98,111	64,48,80	1.00	0.45
15	17	105,91,106	64,48,80	1.00	0.50
16	17	105,91,106	64,48,80	1.00	0.50
17	17	255,255,255	240,240,240	1.00	1.00
18	17	187,168,159	176,160,160	1.00	0.68
19	17	157,133,141	160,128,144	1.00	0.75
20	17	187,168,159	176,160,160	1.00	0.68
21	17	255,255,255	240,240,240	1.00	1.00
22	17	255,255,255	240,240,240	1.00	1.00
23	17	255,255,255	240,240,240	1.00	1.00
24	17	255,255,255	240,240,240	1.00	1.00
25	17	255,255,255	240,240,240	1.00	1.00
26	17	255,255,255	240,240,240	1.00	1.00
27	17	255,255,255	240,240,240	1.00	1.00
28	17	255,255,255	240,240,240	1.00	1.00
29	17	255,255,255	240,240,240	1.00	1.00
30	17	255,255,255	240,240,240	1.00	1.00
31	17	255,255,255	240,240,240	1.00	1.00
32	17	255,255,255	240,240,240	1.00	1.00
33	17	255,255,255	240,240,240	1.00	1.00
34	17	236,230,228	240,240,240	1.00	0.72
35	17	193,176,174	160,128,144	1.00	0.43
36	17	148,126,135	160,128,144	1.00	0.63
37	17	255,255,255	240,240,240	1.00	1.00
38	17	255,255,255	240,240,240	1.00	1.00
39	17	255,255,255	240,240,240	1.00	1.00
40	17	255,255,255	240,240,240	1.00	1.00
41	17	255,255,255	240,240,240	1.00	1.00
42	17	158,134,141	160,128,144	1.00	0.88
43	17	177,159,164	160,128,144	1.00	0.59
44	17	227,220,223	240,240,240	1.00	0.72
45	17	255,255,255	240,240,240	1.00	1.00
46	17	255,255,255	240,240,240	1.00	1.00
47	17	255,255,255	240,240,240	1.00	1.00
48	17	255,255,255	240,240,240	1.00	1.00
49	17	255,255,255	240,240,240	1.00	1.00
50	17	255,255,255	240,240,240	1.00	1.00
51	17	255,255,255	240,240,240	1.00	1.00
52	17	255,255,255	240,240,240	1.00	1.00
53	17	255,255,255	240,240,240	1.00	1.00
54	17	255,255,255	240,240,240	1.00	1.00
55	17	255,255,255	240,240,240	1.00	1.00
56	17	255,255,255	240,240,240	1.00	1.00
57	17	255,255,255	240,240,240	1.00	1.00
58	17	255,255,255	240,240,240	1.00	1.00
59	17	255,255,255	240,240,240	1.00	1.00
60	17	255,255,255	240,240,240	1.00	1.00
61	17	255,255,255	240,240,240	1.00	1.00
62	17	255,255,255	240,240,240	1.00	1.00
63	17	255,255,255	240,240,240	1.00	1.00
0	18	211,195,171	224,208,176	1.00	0.71
1	18	223,209,178	224,208,176	1.00	0.90
2	18	226,213,180	224,208,176	1.00	0.94
3	18	226,213,180	224,208,176	1.00	0.94
4	18	227,213,180	224,208,176	1.00	0.95
5	18	226,213,180	224,208,176	1.00	0.94
6	18	227,213,180	224,208,176	1.00	0.95
7	18	227,213,180	224,208,176	1.00	0.94
8	18	227,214,180	224,208,176	1.00	0.95
9	18	222,209,177	224,208,176	1.00	0.94
10	18	190,174,160	224,208,176	1.00	0.48
11	18	229,216,183	224,208,176	1.00	0.85
12	18	228,216,182	224,208,176	1.00	0.87
13	18	255,255,255	240,240,240	1.00	1.00
14	18	152,126,127	160,128,144	1.00	0.31
15	18	149,120,121	160,128,144	1.00	0.29
16	18	151,119,119	160,128,144	1.00	0.29
17	18	255,255,255	240,240,240	1.00	1.00
18	18	195,177,164	176,160,160	1.00	0.62
19	18	194,175,164	176,160,160	1.00	0.71
20	18	190,172,161	176,160,160	1.00	0.72
21	18	255,255,255	240,240,240	1.00	1.00
22	18	170,150,149	160,128,144	1.00	0.36
23	18	164,144,146	160,128,144	1.00	0.39
24	18	167,147,147	160,128,144	1.00	0.31
25	18	255,255,255	240,240,240	1.00	1.00
26	18	255,255,255	240,240,240	1.00	1.00
27	18	255,255,255	240,240,240	1.00	1.00
28	18	255,255,255	240,240,240	1.00	1.00
29	18	255,255,255	240,240,240	1.00	1.00
30	18	255,255,255	240,240,240	1.00	1.00
31	18	255,255,255	240,240,240	1.00	1.00
32	18	236,230,228	240,240,240	1.00	0.72
33	18	195,178,176	160,128,144	1.00	0.41
34	18	169,144,148	160,128,144	1.00	0.84
35	18	158,134,141	160,128,144	1.00	0.78
36	18	158,133,141	160,128,144	1.00	0.89
37	18	238,235,235	240,240,240	1.00	0.81
38	18	255,255,255	240,240,240	1.00	1.00
39	18	243,239,237	240,240,240	1.00	0.81
40	18	255,255,255	240,240,240	1.00	1.00
41	18	255,255,255	240,240,240	1.00	1.00
42	18	255,255,255	240,240,240	1.00	1.00
43	18	255,255,255	240,240,240	1.00	1.00
44	18	164,138,145	160,128,144	1.00	0.96
45	18	182,163,168	160,128,144	1.00	0.66
46	18	227,220,223	240,240,240	1.00	0.72
47	18	255,255,255	240,240,240	1.00	1.00
48	18	255,255,255	240,240,240	1.00	1.00
49	18	255,255,255	240,240,240	1.00	1.00
50	18	255,255,255	240,240,240	1.00	1.00
51	18	255,255,255	240,240,240	1.00	1.00
52	18	255,255,255	240,240,240	1.00	1.00
53	18	255,255,255	240,240,240	1.00	1.00
54	18	255,255,255	240,240,240	1.00	1.00
55	18	255,255,255	240,240,240	1.00	1.00
56	18	255,255,255	240,240,240	1.00	1.00
57	18	255,255,255	240,240,240	1.00	1.00
58	18	255,255,255	240,240,240	1.00	1.00
59	18	255,255,255	240,240,240	1.00	1.00
60	18	255,255,255	240,240,240	1.00	1.00
61	18	255,255,255	240,240,240	1.00	1.00
62	18	255,255,255	240,240,240	1.00	1.00
63	18	255,255,255	240,240,240	1.00	1.00
0	19	211,195,171	224,208,176	1.00	0.71
1	19	207,191,170	224,208,176	1.00	0.63
2	19	207,191,170	224,208,176	1.00	0.61
3	19	210,194,171	224,208,176	1.00	0.66
4	19	219,206,178	224,208,176	1.00	0.72
5	19	220,207,178	224,208,176	1.00	0.72
6	19	219,206,178	224,208,176	1.00	0.72
7	19	210,194,171	224,208,176	1.00	0.66
8	19	210,194,171	224,208,176	1.00	0.66
9	19	204,189,168	224,208,176	1.00	0.61
10	19	190,174,160	224,208,176	1.00	0.48
11	19	224,210,179	224,208,176	1.00	0.85
12	19	225,211,179	224,208,176	1.00	0.86
13	19	255,255,255	240,240,240	1.00	1.00
14	19	148,110,108	160,80,64	1.00	0.23
15	19	142,104,102	112,80,80	1.00	0.24
16	19	148,104,100	160,80,64	1.00	0.34
17	19	255,255,255	240,240,240	1.00	1.00
18	19	158,134,142	160,128,144	1.00	0.72
19	19	157,133,141	160,128,144	1.00	0.75
20	19	156,133,140	160,128,144	1.00	0.71
21	19	255,255,255	240,240,240	1.00	1.00
22	19	231,225,223	240,240,240	1.00	0.69
23	19	255,255,255	240,240,240	1.00	1.00
24	19	231,225,223	240,240,240	1.00	0.69
25	19	255,255,255	240,240,240	1.00	1.00
26	19	255,255,255	240,240,240	1.00	1.00
27	19	255,255,255	240,240,240	1.00	1.00
28	19	255,255,255	240,240,240	1.00	1.00
29	19	236,231,229	240,240,240	1.00	0.72
30	19	183,168,169	240,240,240	1.00	0.22
31	19	155,137,143	112,96,112	1.00	0.34
32	19	169,144,148	160,128,144	1.00	0.84
33	19	255,255,255	240,240,240	1.00	1.00
34	19	181,162,156	176,160,160	1.00	0.77
35	19	159,134,141	160,128,144	1.00	0.82
36	19	156,132,140	160,128,144	1.00	0.83
37	19	166,144,150	160,128,144	1.00	0.60
38	19	255,255,255	240,240,240	1.00	1.00
39	19	173,152,154	160,128,144	1.00	0.60
40	19	255,255,255	240,240,240	1.00	1.00
41	19	255,255,255	240,240,240	1.00	1.00
42	19	255,255,255	240,240,240	1.00	1.00
43	19	255,255,255	240,240,240	1.00	1.00
44	19	255,255,255	240,240,240	1.00	1.00
45	19	255,255,255	240,240,240	1.00	1.00
46	19	164,138,145	160,128,144	1.00	0.96
47	19	161,140,146	160,128,144	1.00	0.59
48	19	175,159,163	160,128,144	1.00	0.40
49	19	229,222,224	240,240,240	1.00	0.72
50	19	255,255,255	240,240,240	1.00	1.00
51	19	255,255,255	240,240,240	1.00	1.00
52	19	255,255,255	240,240,240	1.00	1.00
53	19	255,255,255	240,240,240	1.00	1.00
54	19	255,255,255	240,240,240	1.00	1.00
55	19	255,255,255	240,240,240	1.00	1.00
56	19	255,255,255	240,240,240	1.00	1.00
57	19	255,255,255	240,240,240	1.00	1.00
58	19	255,255,255	240,240,240	1.00	1.00
59	19	255,255,255	240,240,240	1.00	1.00
60	19	255,255,255	240,240,240	1.00	1.00
61	19	255,255,255	240,240,240	1.00	1.00
62	19	255,255,255	240,240,240	1.00	1.00
63	19	255,255,255	240,240,240	1.00	1.00
0	20	203,186,167	224,208,176	1.00	0.58
1	20	192,175,162	224,208,176	1.00	0.37
2	20	192,175,163	224,208,176	1.00	0.37
3	20	192,175,162	224,208,176	1.00	0.37
4	20	191,175,164	160,128,144	1.00	0.27
5	20	191,175,164	112,96,112	1.00	0.26
6	20	188,173,163	112,96,112	1.00	0.28
7	20	192,175,163	224,208,176	1.00	0.37
8	20	192,175,162	224,208,176	1.00	0.37
9	20	192,175,162	224,208,176	1.00	0.37
10	20	187,170,158	224,208,176	1.00	0.42
11	20	224,210,179	224,208,176	1.00	0.86
12	20	224,210,179	224,208,176	1.00	0.84
13	20	255,255,255	240,240,240	1.00	1.00
14	20	255,255,255	240,240,240	1.00	1.00
15	20	255,255,255	240,240,240	1.00	1.00
16	20	255,255,255	240,240,240	1.00	1.00
17	20	255,255,255	240,240,240	1.00	1.00
18	20	159,135,142	160,128,144	1.00	0.71
19	20	157,133,141	160,128,144	1.00	0.74
20	20	157,133,141	160,128,144	1.00	0.69
21	20	255,255,255	240,240,240	1.00	1.00
22	20	165,145,147	160,128,144	1.00	0.41
23	20	164,144,146	160,128,144	1.00	0.39
24	20	162,142,145	160,128,144	1.00	0.38
25	20	255,255,255	240,240,240	1.00	1.00
26	20	255,255,255	240,240,240	1.00	1.00
27	20	236,231,229	240,240,240	1.00	0.72
28	20	183,168,169	240,240,240	1.00	0.22
29	20	138,119,129	112,96,112	1.00	0.46
30	20	142,120,131	160,128,144	1.00	0.59
31	20	160,134,142	160,128,144	1.00	0.92
32	20	255,255,255	240,240,240	1.00	1.00
33	20	255,255,255	240,240,240	1.00	1.00
34	20	186,167,159	176,160,160	1.00	0.84
35	20	150,126,136	160,128,144	1.00	0.73
36	20	158,133,141	160,128,144	1.00	0.89
37	20	165,143,149	160,128,144	1.00	0.62
38	20	229,222,219	240,240,240	1.00	0.62
39	20	172,150,153	160,128,144	1.00	0.62
40	20	249,247,247	240,240,240	1.00	0.93
41	20	195,178,175	160,128,144	1.00	0.39
42	20	255,255,255	240,240,240	1.00	1.00
43	20	241,237,236	240,240,240	1.00	0.80
44	20	235,230,232	240,240,240	1.00	0.80
45	20	255,255,255	240,240,240	1.00	1.00
46	20	178,160,166	160,128,144	1.00	0.58
47	20	247,245,246	240,240,240	1.00	0.92
48	20	155,131,138	160,128,144	1.00	0.88
49	20	148,126,134	160,128,144	1.00	0.62
50	20	175,159,163	160,128,144	1.00	0.40
51	20	229,222,224	240,240,240	1.00	0.72
52	20	255,255,255	240,240,240	1.00	1.00
53	20	255,255,255	240,240,240	1.00	1.00
54	20	255,255,255	240,240,240	1.00	1.00
55	20	255,255,255	240,240,240	1.00	1.00
56	20	255,255,255	240,240,240	1.00	1.00
57	20	255,255,255	240,240,240	1.00	1.00
58	20	255,255,255	240,240,240	1.00	1.00
59	20	255,255,255	240,240,240	1.00	1.00
60	20	255,255,255	240,240,240	1.00	1.00
61	20	255,255,255	240,240,240	1.00	1.00
62	20	255,255,255	240,240,240	1.00	1.00
63	20	255,255,255	240,240,240	1.00	1.00
0	21	194,177,164	224,208,176	1.00	0.41
1	21	191,173,162	224,208,176	1.00	0.34
2	21	191,173,162	224,208,176	1.00	0.35
3	21	190,172,161	160,128,144	1.00	0.33
4	21	191,175,164	160,128,144	1.00	0.27
5	21	191,175,164	112,96,112	1.00	0.26
6	21	189,173,163	112,96,112	1.00	0.28
7	21	192,175,163	224,208,176	1.00	0.37
8	21	192,175,162	224,208,176	1.00	0.37
9	21	192,175,162	224,208,176	1.00	0.37
10	21	188,171,160	224,208,176	1.00	0.36
11	21	253,249,213	240,240,208	1.00	0.94
12	21	187,168,160	176,160,160	1.00	0.94
13	21	255,255,255	240,240,240	1.00	1.00
14	21	255,255,255	240,240,240	1.00	1.00
15	21	255,255,255	240,240,240	1.00	1.00
16	21	255,255,255	240,240,240	1.00	1.00
17	21	255,255,255	240,240,240	1.00	1.00
18	21	255,255,255	240,240,240	1.00	1.00
19	21	255,255,255	240,240,240	1.00	1.00
20	21	255,255,255	240,240,240	1.00	1.00
21	21	255,255,255	240,240,240	1.00	1.00
22	21	255,255,255	240,240,240	1.00	1.00
23	21	255,255,255	240,240,240	1.00	1.00
24	21	255,255,255	240,240,240	1.00	1.00
25	21	255,255,255	240,240,240	1.00	1.00
26	21	198,186,186	240,240,240	1.00	0.36
27	21	145,126,132	160,128,144	1.00	0.36
28	21	152,133,136	160,128,144	1.00	0.38
29	21	164,146,144	176,160,160	1.00	0.35
30	21	255,255,255	240,240,240	1.00	1.00
31	21	255,255,255	240,240,240	1.00	1.00
32	21	255,255,255	240,240,240	1.00	1.00
33	21	255,255,255	240,240,240	1.00	1.00
34	21	169,151,147	176,160,160	1.00	0.39
35	21	153,129,138	160,128,144	1.00	0.80
36	21	155,131,139	160,128,144	1.00	0.84
37	21	255,255,255	240,240,240	1.00	1.00
38	21	161,136,143	160,128,144	1.00	0.82
39	21	255,255,255	240,240,240	1.00	1.00
40	21	169,148,151	160,128,144	1.00	0.51
41	21	255,255,255	240,240,240	1.00	1.00
42	21	192,175,174	160,128,144	1.00	0.36
43	21	171,149,152	160,128,144	1.00	0.62
44	21	164,142,148	160,128,144	1.00	0.61
45	21	182,163,168	160,128,144	1.00	0.58
46	21	255,255,255	240,240,240	1.00	1.00
47	21	172,151,153	160,128,144	1.00	0.62
48	21	255,255,255	240,240,240	1.00	1.00
49	21	255,255,255	240,240,240	1.00	1.00
50	21	156,137,139	160,128,144	1.00	0.41
51	21	146,126,132	160,128,144	1.00	0.42
52	21	187,174,178	240,240,240	1.00	0.36
53	21	255,255,255	240,240,240	1.00	1.00
54	21	255,255,255	240,240,240	1.00	1.00
55	21	255,255,255	240,240,240	1.00	1.00
56	21	255,255,255	240,240,240	1.00	1.00
57	21	255,255,255	240,240,240	1.00	1.00
58	21	255,255,255	240,240,240	1.00	1.00
59	21	255,255,255	240,240,240	1.00	1.00
60	21	255,255,255	240,240,240	1.00	1.00
61	21	255,255,255	240,240,240	1.00	1.00
62	21	255,255,255	240,240,240	1.00	1.00
63	21	255,255,255	240,240,240	1.00	1.00
0	22	255,255,255	240,240,240	1.00	1.00
1	22	255,255,255	240,240,240	1.00	1.00
2	22	255,255,255	240,240,240	1.00	1.00
3	22	255,255,255	240,240,240	1.00	1.00
4	22	211,196,172	224,208,176	1.00	0.69
5	22	214,200,174	224,208,176	1.00	0.73
6	22	212,197,173	224,208,176	1.00	0.70
7	22	255,255,255	240,240,240	1.00	1.00
8	22	255,255,255	240,240,240	1.00	1.00
9	22	255,255,255	240,240,240	1.00	1.00
10	22	255,255,255	240,240,240	1.00	1.00
11	22	255,255,255	240,240,240	1.00	1.00
12	22	255,255,255	240,240,240	1.00	1.00
13	22	255,255,255	240,240,240	1.00	1.00
14	22	211,200,198	240,240,240	1.00	0.45
15	22	216,204,195	240,240,240	1.00	0.45
16	22	212,200,197	240,240,240	1.00	0.40
17	22	208,197,195	240,240,240	1.00	0.40
18	22	220,206,189	240,240,240	1.00	0.40
19	22	216,202,188	240,240,240	1.00	0.40
20	22	255,255,255	240,240,240	1.00	1.00
21	22	255,255,255	240,240,240	1.00	1.00
22	22	255,255,255	240,240,240	1.00	1.00
23	22	255,255,255	240,240,240	1.00	1.00
24	22	255,255,255	240,240,240	1.00	1.00
25	22	255,255,255	240,240,240	1.00	1.00
26	22	166,148,146	176,160,160	1.00	0.38
27	22	164,146,144	176,160,160	1.00	0.38
28	22	164,145,144	176,160,160	1.00	0.32
29	22	161,142,142	160,128,144	1.00	0.32
30	22	165,147,145	176,160,160	1.00	0.29
31	22	161,143,143	176,160,160	1.00	0.30
32	22	159,140,141	160,128,144	1.00	0.30
33	22	164,145,144	176,160,160	1.00	0.35
34	22	167,146,147	160,128,144	1.00	0.49
35	22	165,144,145	160,128,144	1.00	0.49
36	22	167,146,147	160,128,144	1.00	0.49
37	22	165,147,145	176,160,160	1.00	0.34
38	22	255,255,255	240,240,240	1.00	1.00
39	22	255,255,255	240,240,240	1.00	1.00
40	22	255,255,255	240,240,240	1.00	1.00
41	22	255,255,255	240,240,240	1.00	1.00
42	22	255,255,255	240,240,240	1.00	1.00
43	22	255,255,255	240,240,240	1.00	1.00
44	22	255,255,255	240,240,240	1.00	1.00
45	22	255,255,255	240,240,240	1.00	1.00
46	22	255,255,255	240,240,240	1.00	1.00
47	22	255,255,255	240,240,240	1.00	1.00
48	22	255,255,255	240,240,240	1.00	1.00
49	22	255,255,255	240,240,240	1.00	1.00
50	22	255,255,255	240,240,240	1.00	1.00
51	22	255,255,255	240,240,240	1.00	1.00
52	22	255,255,255	240,240,240	1.00	1.00
53	22	255,255,255	240,240,240	1.00	1.00
54	22	255,255,255	240,240,240	1.00	1.00
55	22	255,255,255	240,240,240	1.00	1.00
56	22	255,255,255	240,240,240	1.00	1.00
57	22	255,255,255	240,240,240	1.00	1.00
58	22	255,255,255	240,240,240	1.00	1.00
59	22	255,255,255	240,240,240	1.00	1.00
60	22	255,255,255	240,240,240	1.00	1.00
61	22	255,255,255	240,240,240	1.00	1.00
62	22	255,255,255	240,240,240	1.00	1.00
63	22	255,255,255	240,240,240	1.00	1.00
0	23	255,255,255	240,240,240	1.00	1.00
1	23	255,255,255	240,240,240	1.00	1.00
2	23	255,255,255	240,240,240	1.00	1.00
3	23	255,255,255	240,240,240	1.00	1.00
4	23	255,255,255	240,240,240	1.00	1.00
5	23	255,255,255	240,240,240	1.00	1.00
6	23	255,255,255	240,240,240	1.00	1.00
7	23	255,255,255	240,240,240	1.00	1.00
8	23	255,255,255	240,240,240	1.00	1.00
9	23	255,255,255	240,240,240	1.00	1.00
10	23	255,255,255	240,240,240	1.00	1.00
11	23	255,255,255	240,240,240	1.00	1.00
12	23	255,255,255	240,240,240	1.00	1.00
13	23	255,255,255	240,240,240	1.00	1.00
14	23	181,164,160	176,160,160	1.00	0.36
15	23	180,143,149	224,112,96	1.00	0.19
16	23	180,162,158	176,160,160	1.00	0.42
17	23	174,155,154	176,160,160	1.00	0.41
18	23	181,147,149	176,160,160	1.00	0.28
19	23	176,140,145	176,160,160	1.00	0.25
20	23	255,255,255	240,240,240	1.00	1.00
21	23	255,255,255	240,240,240	1.00	1.00
22	23	255,255,255	240,240,240	1.00	1.00
23	23	255,255,255	240,240,240	1.00	1.00
24	23	255,255,255	240,240,240	1.00	1.00
25	23	255,255,255	240,240,240	1.00	1.00
26	23	155,135,137	160,128,144	1.00	0.40
27	23	149,128,134	160,128,144	1.00	0.43
28	23	155,135,137	160,128,144	1.00	0.40
29	23	149,128,134	160,128,144	1.00	0.43
30	23	148,127,133	160,128,144	1.00	0.46
31	23	146,126,132	160,128,144	1.00	0.39
32	23	153,131,138	160,128,144	1.00	0.60
33	23	255,255,255	240,240,240	1.00	1.00
34	23	255,255,255	240,240,240	1.00	1.00
35	23	255,255,255	240,240,240	1.00	1.00
36	23	255,255,255	240,240,240	1.00	1.00
37	23	255,255,255	240,240,240	1.00	1.00
38	23	255,255,255	240,240,240	1.00	1.00
39	23	255,255,255	240,240,240	1.00	1.00
40	23	255,255,255	240,240,240	1.00	1.00
41	23	255,255,255	240,240,240	1.00	1.00
42	23	255,255,255	240,240,240	1.00	1.00
43	23	255,255,255	240,240,240	1.00	1.00
44	23	255,255,255	240,240,240	1.00	1.00
45	23	255,255,255	240,240,240	1.00	1.00
46	23	255,255,255	240,240,240	1.00	1.00
47	23	255,255,255	240,240,240	1.00	1.00
48	23	255,255,255	240,240,240	1.00	1.00
49	23	255,255,255	240,240,240	1.00	1.00
50	23	255,255,255	240,240,240	1.00	1.00
51	23	255,255,255	240,240,240	1.00	1.00
52	23	255,255,255	240,240,240	1.00	1.00
53	23	255,255,255	240,240,240	1.00	1.00
54	23	255,255,255	240,240,240	1.00	1.00
55	23	255,255,255	240,240,240	1.00	1.00
56	23	255,255,255	240,240,240	1.00	1.00
57	23	255,255,255	240,240,240	1.00	1.00
58	23	255,255,255	240,240,240	1.00	1.00
59	23	255,255,255	240,240,240	1.00	1.00
60	23	255,255,255	240,240,240	1.00	1.00
61	23	255,255,255	240,240,240	1.00	1.00
62	23	255,255,255	240,240,240	1.00	1.00
63	23	255,255,255	240,240,240	1.00	1.00
0	24	255,255,255	240,240,240	1.00	1.00
1	24	255,255,255	240,240,240	1.00	1.00
2	24	255,255,255	240,240,240	1.00	1.00
3	24	255,255,255	240,240,240	1.00	1.00
4	24	255,255,255	240,240,240	1.00	1.00
5	24	255,255,255	240,240,240	1.00	1.00
6	24	255,255,255	240,240,240	1.00	1.00
7	24	255,255,255	240,240,240	1.00	1.00
8	24	255,255,255	240,240,240	1.00	1.00
9	24	255,255,255	240,240,240	1.00	1.00
10	24	255,255,255	240,240,240	1.00	1.00
11	24	188,169,161	176,160,160	1.00	0.70
12	24	188,169,161	176,160,160	1.00	0.70
13	24	255,255,255	240,240,240	1.00	1.00
14	24	232,226,225	240,240,240	1.00	0.71
15	24	232,226,225	240,240,240	1.00	0.71
16	24	204,193,193	240,240,240	1.00	0.43
17	24	198,187,189	240,240,240	1.00	0.43
18	24	255,255,255	240,240,240	1.00	1.00
19	24	255,255,255	240,240,240	1.00	1.00
20	24	255,255,255	240,240,240	1.00	1.00
21	24	255,255,255	240,240,240	1.00	1.00
22	24	255,255,255	240,240,240	1.00	1.00
23	24	255,255,255	240,240,240	1.00	1.00
24	24	255,255,255	240,240,240	1.00	1.00
25	24	255,255,255	240,240,240	1.00	1.00
26	24	255,255,255	240,240,240	1.00	1.00
27	24	255,255,255	240,240,240	1.00	1.00
28	24	255,255,255	240,240,240	1.00	1.00
29	24	255,255,255	240,240,240	1.00	1.00
30	24	255,255,255	240,240,240	1.00	1.00
31	24	255,255,255	240,240,240	1.00	1.00
32	24	255,255,255	240,240,240	1.00	1.00
33	24	255,255,255	240,240,240	1.00	1.00
34	24	255,255,255	240,240,240	1.00	1.00
35	24	255,255,255	240,240,240	1.00	1.00
36	24	255,255,255	240,240,240	1.00	1.00
37	24	255,255,255	240,240,240	1.00	1.00
38	24	255,255,255	240,240,240	1.00	1.00
39	24	255,255,255	240,240,240	1.00	1.00
40	24	255,255,255	240,240,240	1.00	1.00
41	24	255,255,255	240,240,240	1.00	1.00
42	24	255,255,255	240,240,240	1.00	1.00
43	24	255,255,255	240,240,240	1.00	1.00
44	24	255,255,255	240,240,240	1.00	1.00
45	24	255,255,255	240,240,240	1.00	1.00
46	24	255,255,255	240,240,240	1.00	1.00
47	24	255,255,255	240,240,240	1.00	1.00
48	24	255,255,255	240,240,240	1.00	1.00
49	24	255,255,255	240,240,240	1.00	1.00
50	24	255,255,255	240,240,240	1.00	1.00
51	24	255,255,255	240,240,240	1.00	1.00
52	24	255,255,255	240,240,240	1.00	1.00
53	24	255,255,255	240,240,240	1.00	1.00
54	24	255,255,255	240,240,240	1.00	1.00
55	24	255,255,255	240,240,240	1.00	1.00
56	24	255,255,255	240,240,240	1.00	1.00
57	24	255,255,255	240,240,240	1.00	1.00
58	24	255,255,255	240,240,240	1.00	1.00
59	24	255,255,255	240,240,240	1.00	1.00
60	24	255,255,255	240,240,240	1.00	1.00
61	24	255,255,255	240,240,240	1.00	1.00
62	24	255,255,255	240,240,240	1.00	1.00
63	24	255,255,255	240,240,240	1.00	1.00
0	25	255,255,255	240,240,240	1.00	1.00
1	25	255,255,255	240,240,240	1.00	1.00
2	25	255,255,255	240,240,240	1.00	1.00
3	25	255,255,255	240,240,240	1.00	1.00
4	25	188,169,161	176,160,160	1.00	0.70
5	25	255,255,255	240,240,240	1.00	1.00
6	25	255,255,255	240,240,240	1.00	1.00
7	25	188,169,161	176,160,160	1.00	0.70
8	25	255,255,255	240,240,240	1.00	1.00
9	25	255,255,255	240,240,240	1.00	1.00
10	25	255,255,255	240,240,240	1.00	1.00
11	25	176,162,162	160,128,144	1.00	0.24
12	25	180,166,166	160,128,144	1.00	0.25
13	25	255,255,255	240,240,240	1.00	1.00
14	25	196,180,172	176,160,160	1.00	0.30
15	25	196,176,167	176,160,160	1.00	0.29
16	25	248,247,247	240,240,240	1.00	0.93
17	25	247,245,246	240,240,240	1.00	0.93
18	25	255,255,255	240,240,240	1.00	1.00
19	25	255,255,255	240,240,240	1.00	1.00
20	25	255,255,255	240,240,240	1.00	1.00
21	25	255,255,255	240,240,240	1.00	1.00
22	25	255,255,255	240,240,240	1.00	1.00
23	25	255,255,255	240,240,240	1.00	1.00
24	25	255,255,255	240,240,240	1.00	1.00
25	25	255,255,255	240,240,240	1.00	1.00
26	25	255,255,255	240,240,240	1.00	1.00
27	25	255,255,255	240,240,240	1.00	1.00
28	25	255,255,255	240,240,240	1.00	1.00
29	25	255,255,255	240,240,240	1.00	1.00
30	25	255,255,255	240,240,240	1.00	1.00
31	25	255,255,255	240,240,240	1.00	1.00
32	25	255,255,255	240,240,240	1.00	1.00
33	25	255,255,255	240,240,240	1.00	1.00
34	25	255,255,255	240,240,240	1.00	1.00
35	25	255,255,255	240,240,240	1.00	1.00
36	25	255,255,255	240,240,240	1.00	1.00
37	25	255,255,255	240,240,240	1.00	1.00
38	25	255,255,255	240,240,240	1.00	1.00
39	25	255,255,255	240,240,240	1.00	1.00
40	25	255,255,255	240,240,240	1.00	1.00
41	25	255,255,255	240,240,240	1.00	1.00
42	25	255,255,255	240,240,240	1.00	1.00
43	25	255,255,255	240,240,240	1.00	1.00
44	25	255,255,255	240,240,240	1.00	1.00
45	25	255,255,255	240,240,240	1.00	1.00
46	25	255,255,255	240,240,240	1.00	1.00
47	25	255,255,255	240,240,240	1.00	1.00
48	25	255,255,255	240,240,240	1.00	1.00
49	25	255,255,255	240,240,240	1.00	1.00
50	25	255,255,255	240,240,240	1.00	1.00
51	25	255,255,255	240,240,240	1.00	1.00
52	25	255,255,255	240,240,240	1.00	1.00
53	25	255,255,255	240,240,240	1.00	1.00
54	25	255,255,255	240,240,240	1.00	1.00
55	25	255,255,255	240,240,240	1.00	1.00
56	25	255,255,255	240,240,240	1.00	1.00
57	25	255,255,255	240,240,240	1.00	1.00
58	25	255,255,255	240,240,240	1.00	1.00
59	25	255,255,255	240,240,240	1.00	1.00
60	25	255,255,255	240,240,240	1.00	1.00
61	25	255,255,255	240,240,240	1.00	1.00
62	25	255,255,255	240,240,240	1.00	1.00
63	25	255,255,255	240,240,240	1.00	1.00
0	26	255,255,255	240,240,240	1.00	1.00
1	26	255,255,255	240,240,240	1.00	1.00
2	26	234,228,227	240,240,240	1.00	0.72
3	26	255,255,255	240,240,240	1.00	1.00
4	26	183,168,168	160,128,144	1.00	0.27
5	26	255,255,255	240,240,240	1.00	1.00
6	26	190,171,162	176,160,160	1.00	0.75
7	26	183,168,168	160,128,144	1.00	0.27
8	26	201,187,182	176,160,160	1.00	0.45
9	26	188,169,161	176,160,160	1.00	0.70
10	26	255,255,255	240,240,240	1.00	1.00
11	26	202,189,180	240,240,240	1.00	0.22
12	26	202,189,180	240,240,240	1.00	0.22
13	26	255,255,255	240,240,240	1.00	1.00
14	26	226,219,217	240,240,240	1.00	0.62
15	26	226,219,217	240,240,240	1.00	0.62
16	26	201,191,194	240,240,240	1.00	0.43
17	26	201,180,181	240,240,240	1.00	0.43
18	26	255,255,255	240,240,240	1.00	1.00
19	26	255,255,255	240,240,240	1.00	1.00
20	26	255,255,255	240,240,240	1.00	1.00
21	26	255,255,255	240,240,240	1.00	1.00
22	26	255,255,255	240,240,240	1.00	1.00
23	26	255,255,255	240,240,240	1.00	1.00
24	26	255,255,255	240,240,240	1.00	1.00
25	26	255,255,255	240,240,240	1.00	1.00
26	26	255,255,255	240,240,240	1.00	1.00
27	26	255,255,255	240,240,240	1.00	1.00
28	26	255,255,255	240,240,240	1.00	1.00
29	26	255,255,255	240,240,240	1.00	1.00
30	26	255,255,255	240,240,240	1.00	1.00
31	26	255,255,255	240,240,240	1.00	1.00
32	26	255,255,255	240,240,240	1.00	1.00
33	26	255,255,255	240,240,240	1.00	1.00
34	26	255,255,255	240,240,240	1.00	1.00
35	26	255,255,255	240,240,240	1.00	1.00
36	26	255,255,255	240,240,240	1.00	1.00
37	26	255,255,255	240,240,240	1.00	1.00
38	26	255,255,255	240,240,240	1.00	1.00
39	26	255,255,255	240,240,240	1.00	1.00
40	26	255,255,255	240,240,240	1.00	1.00
41	26	255,255,255	240,240,240	1.00	1.00
42	26	255,255,255	240,240,240	1.00	1.00
43	26	255,255,255	240,240,240	1.00	1.00
44	26	255,255,255	240,240,240	1.00	1.00
45	26	255,255,255	240,240,240	1.00	1.00
46	26	255,255,255	240,240,240	1.00	1.00
47	26	255,255,255	240,240,240	1.00	1.00
48	26	255,255,255	240,240,240	1.00	1.00
49	26	255,255,255	240,240,240	1.00	1.00
50	26	255,255,255	240,240,240	1.00	1.00
51	26	255,255,255	240,240,240	1.00	1.00
52	26	255,255,255	240,240,240	1.00	1.00
53	26	255,255,255	240,240,240	1.00	1.00
54	26	255,255,255	240,240,240	1.00	1.00
55	26	255,255,255	240,240,240	1.00	1.00
56	26	255,255,255	240,240,240	1.00	1.00
57	26	255,255,255	240,240,240	1.00	1.00
58	26	255,255,255	240,240,240	1.00	1.00
59	26	255,255,255	240,240,240	1.00	1.00
60	26	255,255,255	240,240,240	1.00	1.00
61	26	255,255,255	240,240,240	1.00	1.00
62	26	255,255,255	240,240,240	1.00	1.00
63	26	255,255,255	240,240,240	1.00	1.00
0	27	216,207,204	240,240,240	1.00	0.50
1	27	255,255,255	240,240,240	1.00	1.00
2	27	200,188,185	240,240,240	1.00	0.33
3	27	255,255,255	240,240,240	1.00	1.00
4	27	202,189,180	240,240,240	1.00	0.22
5	27	255,255,255	240,240,240	1.00	1.00
6	27	183,168,168	160,128,144	1.00	0.27
7	27	202,189,180	240,240,240	1.00	0.22
8	27	194,179,170	176,160,160	1.00	0.26
9	27	177,160,157	160,128,144	1.00	0.28
10	27	255,255,255	240,240,240	1.00	1.00
11	27	188,173,165	176,160,160	1.00	0.25
12	27	190,175,168	176,160,160	1.00	0.25
13	27	255,255,255	240,240,240	1.00	1.00
14	27	181,162,157	176,160,160	1.00	0.45
15	27	169,156,164	176,160,160	1.00	0.42
16	27	247,246,248	240,240,240	1.00	0.93
17	27	247,245,246	240,240,240	1.00	0.93
18	27	255,255,255	240,240,240	1.00	1.00
19	27	255,255,255	240,240,240	1.00	1.00
20	27	255,255,255	240,240,240	1.00	1.00
21	27	255,255,255	240,240,240	1.00	1.00
22	27	255,255,255	240,240,240	1.00	1.00
23	27	255,255,255	240,240,240	1.00	1.00
24	27	255,255,255	240,240,240	1.00	1.00
25	27	255,255,255	240,240,240	1.00	1.00
26	27	255,255,255	240,240,240	1.00	1.00
27	27	255,255,255	240,240,240	1.00	1.00
28	27	255,255,255	240,240,240	1.00	1.00
29	27	255,255,255	240,240,240	1.00	1.00
30	27	255,255,255	240,240,240	1.00	1.00
31	27	255,255,255	240,240,240	1.00	1.00
32	27	255,255,255	240,240,240	1.00	1.00
33	27	255,255,255	240,240,240	1.00	1.00
34	27	255,255,255	240,240,240	1.00	1.00
35	27	255,255,255	240,240,240	1.00	1.00
36	27	255,255,255	240,240,240	1.00	1.00
37	27	255,255,255	240,240,240	1.00	1.00
38	27	255,255,255	240,240,240	1.00	1.00
39	27	255,255,255	240,240,240	1.00	1.00
40	27	255,255,255	240,240,240	1.00	1.00
41	27	255,255,255	240,240,240	1.00	1.00
42	27	255,255,255	240,240,240	1.00	1.00
43	27	255,255,255	240,240,240	1.00	1.00
44	27	255,255,255	240,240,240	1.00	1.00
45	27	255,255,255	240,240,240	1.00	1.00
46	27	255,255,255	240,240,240	1.00	1.00
47	27	255,255,255	240,240,240	1.00	1.00
48	27	255,255,255	240,240,240	1.00	1.00
49	27	255,255,255	240,240,240	1.00	1.00
50	27	255,255,255	240,240,240	1.00	1.00
51	27	255,255,255	240,240,240	1.00	1.00
52	27	255,255,255	240,240,240	1.00	1.00
53	27	255,255,255	240,240,240	1.00	1.00
54	27	255,255,255	240,240,240	1.00	1.00
55	27	255,255,255	240,240,240	1.00	1.00
56	27	255,255,255	240,240,240	1.00	1.00
57	27	255,255,255	240,240,240	1.00	1.00
58	27	255,255,255	240,240,240	1.00	1.00
59	27	255,255,255	240,240,240	1.00	1.00
60	27	255,255,255	240,240,240	1.00	1.00
61	27	255,255,255	240,240,240	1.00	1.00
62	27	255,255,255	240,240,240	1.00	1.00
63	27	255,255,255	240,240,240	1.00	1.00
0	28	222,214,212	240,240,240	1.00	0.59
1	28	231,225,223	240,240,240	1.00	0.69
2	28	207,195,187	240,240,240	1.00	0.30
3	28	240,237,237	240,240,240	1.00	0.83
4	28	194,179,170	176,160,160	1.00	0.26
5	28	232,226,225	240,240,240	1.00	0.71
6	28	192,177,169	176,160,160	1.00	0.23
7	28	186,170,162	176,160,160	1.00	0.26
8	28	186,170,162	176,160,160	1.00	0.26
9	28	186,170,162	176,160,160	1.00	0.26
10	28	218,208,205	240,240,240	1.00	0.50
11	28	188,173,165	176,160,160	1.00	0.24
12	28	188,172,166	176,160,160	1.00	0.24
13	28	255,255,255	240,240,240	1.00	1.00
14	28	254,254,254	240,240,240	1.00	0.99
15	28	254,254,254	240,240,240	1.00	0.99
16	28	255,255,255	240,240,240	1.00	1.00
17	28	246,244,245	240,240,240	1.00	0.91
18	28	255,255,255	240,240,240	1.00	1.00
19	28	255,255,255	240,240,240	1.00	1.00
20	28	254,254,254	240,240,240	1.00	1.00
21	28	255,255,255	240,240,240	1.00	1.00
22	28	255,255,255	240,240,240	1.00	1.00
23	28	255,255,255	240,240,240	1.00	1.00
24	28	255,255,255	240,240,240	1.00	1.00
25	28	255,255,255	240,240,240	1.00	1.00
26	28	255,255,255	240,240,240	1.00	1.00
27	28	255,255,255	240,240,240	1.00	1.00
28	28	255,255,255	240,240,240	1.00	1.00
29	28	255,255,255	240,240,240	1.00	1.00
30	28	255,255,255	240,240,240	1.00	1.00
31	28	255,255,255	240,240,240	1.00	1.00
32	28	255,255,255	240,240,240	1.00	1.00
33	28	255,255,255	240,240,240	1.00	1.00
34	28	255,255,255	240,240,240	1.00	1.00
35	28	255,255,255	240,240,240	1.00	1.00
36	28	255,255,255	240,240,240	1.00	1.00
37	28	255,255,255	240,240,240	1.00	1.00
38	28	255,255,255	240,240,240	1.00	1.00
39	28	255,255,255	240,240,240	1.00	1.00
40	28	255,255,255	240,240,240	1.00	1.00
41	28	255,255,255	240,240,240	1.00	1.00
42	28	255,255,255	240,240,240	1.00	1.00
43	28	255,255,255	240,240,240	1.00	1.00
44	28	255,255,255	240,240,240	1.00	1.00
45	28	255,255,255	240,240,240	1.00	1.00
46	28	255,255,255	240,240,240	1.00	1.00
47	28	255,255,255	240,240,240	1.00	1.00
48	28	255,255,255	240,240,240	1.00	1.00
49	28	255,255,255	240,240,240	1.00	1.00
50	28	255,255,255	240,240,240	1.00	1.00
51	28	255,255,255	240,240,240	1.00	1.00
52	28	255,255,255	240,240,240	1.00	1.00
53	28	255,255,255	240,240,240	1.00	1.00
54	28	255,255,255	240,240,240	1.00	1.00
55	28	255,255,255	240,240,240	1.00	1.00
56	28	255,255,255	240,240,240	1.00	1.00
57	28	255,255,255	240,240,240	1.00	1.00
58	28	255,255,255	240,240,240	1.00	1.00
59	28	255,255,255	240,240,240	1.00	1.00
60	28	255,255,255	240,240,240	1.00	1.00
61	28	255,255,255	240,240,240	1.00	1.00
62	28	255,255,255	240,240,240	1.00	1.00
63	28	255,255,255	240,240,240	1.00	1.00
0	29	212,202,201	240,240,240	1.00	0.49
1	29	212,202,201	240,240,240	1.00	0.49
2	29	217,207,200	240,240,240	1.00	0.41
3	29	214,204,198	240,240,240	1.00	0.41
4	29	206,193,186	240,240,240	1.00	0.27
5	29	205,193,186	176,160,160	1.00	0.35
6	29	181,161,156	160,128,144	1.00	0.41
7	29	181,161,156	160,128,144	1.00	0.41
8	29	181,161,156	160,128,144	1.00	0.41
9	29	181,161,156	160,128,144	1.00	0.41
10	29	181,161,156	176,160,160	1.00	0.46
11	29	206,193,186	240,240,240	1.00	0.27
12	29	202,189,183	240,240,240	1.00	0.27
13	29	255,255,255	240,240,240	1.00	1.00
14	29	181,168,170	240,240,240	1.00	0.30
15	29	179,167,169	240,240,240	1.00	0.30
16	29	250,249,249	240,240,240	1.00	0.96
17	29	167,150,150	176,160,160	1.00	0.24
18	29	249,249,249	240,240,240	1.00	0.96
19	29	218,210,210	240,240,240	1.00	0.59
20	29	213,206,207	240,240,240	1.00	0.59
21	29	255,255,255	240,240,240	1.00	1.00
22	29	255,255,255	240,240,240	1.00	1.00
23	29	255,255,255	240,240,240	1.00	1.00
24	29	255,255,255	240,240,240	1.00	1.00
25	29	255,255,255	240,240,240	1.00	1.00
26	29	255,255,255	240,240,240	1.00	1.00
27	29	255,255,255	240,240,240	1.00	1.00
28	29	255,255,255	240,240,240	1.00	1.00
29	29	255,255,255	240,240,240	1.00	1.00
30	29	255,255,255	240,240,240	1.00	1.00
31	29	255,255,255	240,240,240	1.00	1.00
32	29	255,255,255	240,240,240	1.00	1.00
33	29	255,255,255	240,240,240	1.00	1.00
34	29	255,255,255	240,240,240	1.00	1.00
35	29	255,255,255	240,240,240	1.00	1.00
36	29	255,255,255	240,240,240	1.00	1.00
37	29	255,255,255	240,240,240	1.00	1.00
38	29	255,255,255	240,240,240	1.00	1.00
39	29	255,255,255	240,240,240	1.00	1.00
40	29	255,255,255	240,240,240	1.00	1.00
41	29	255,255,255	240,240,240	1.00	1.00
42	29	255,255,255	240,240,240	1.00	1.00
43	29	255,255,255	240,240,240	1.00	1.00
44	29	255,255,255	240,240,240	1.00	1.00
45	29	255,255,255	240,240,240	1.00	1.00
46	29	255,255,255	240,240,240	1.00	1.00
47	29	255,255,255	240,240,240	1.00	1.00
48	29	255,255,255	240,240,240	1.00	1.00
49	29	255,255,255	240,240,240	1.00	1.00
50	29	255,255,255	240,240,240	1.00	1.00
51	29	255,255,255	240,240,240	1.00	1.00
52	29	255,255,255	240,240,240	1.00	1.00
53	29	255,255,255	240,240,240	1.00	1.00
54	29	255,255,255	240,240,240	1.00	1.00
55	29	255,255,255	240,240,240	1.00	1.00
56	29	255,255,255	240,240,240	1.00	1.00
57	29	255,255,255	240,240,240	1.00	1.00
58	29	255,255,255	240,240,240	1.00	1.00
59	29	255,255,255	240,240,240	1.00	1.00
60	29	255,255,255	240,240,240	1.00	1.00
61	29	255,255,255	240,240,240	1.00	1.00
62	29	255,255,255	240,240,240	1.00	1.00
63	29	255,255,255	240,240,240	1.00	1.00
0	30	255,255,255	240,240,240	1.00	1.00
1	30	255,255,255	240,240,240	1.00	1.00
2	30	255,255,255	240,240,240	1.00	1.00
3	30	255,255,255	240,240,240	1.00	1.00
4	30	255,255,255	240,240,240	1.00	1.00
5	30	255,255,255	240,240,240	1.00	1.00
6	30	255,255,255	240,240,240	1.00	1.00
7	30	255,255,255	240,240,240	1.00	1.00
8	30	255,255,255	240,240,240	1.00	1.00
9	30	255,255,255	240,240,240	1.00	1.00
10	30	255,255,255	240,240,240	1.00	1.00
11	30	255,255,255	240,240,240	1.00	1.00
12	30	255,255,255	240,240,240	1.00	1.00
13	30	255,255,255	240,240,240	1.00	1.00
14	30	228,224,226	240,240,240	1.00	0.78
15	30	227,224,225	240,240,240	1.00	0.78
16	30	241,238,239	240,240,240	1.00	0.87
17	30	215,208,211	240,240,240	1.00	0.66
18	30	240,238,239	240,240,240	1.00	0.87
19	30	207,199,201	240,240,240	1.00	0.56
20	30	206,198,200	240,240,240	1.00	0.56
21	30	255,255,255	240,240,240	1.00	1.00
22	30	255,255,255	240,240,240	1.00	1.00
23	30	255,255,255	240,240,240	1.00	1.00
24	30	255,255,255	240,240,240	1.00	1.00
25	30	255,255,255	240,240,240	1.00	1.00
26	30	255,255,255	240,240,240	1.00	1.00
27	30	255,255,255	240,240,240	1.00	1.00
28	30	255,255,255	240,240,240	1.00	1.00
29	30	255,255,255	240,240,240	1.00	1.00
30	30	255,255,255	240,240,240	1.00	1.00
31	30	255,255,255	240,240,240	1.00	1.00
32	30	255,255,255	240,240,240	1.00	1.00
33	30	255,255,255	240,240,240	1.00	1.00
34	30	255,255,255	240,240,240	1.00	1.00
35	30	255,255,255	240,240,240	1.00	1.00
36	30	255,255,255	240,240,240	1.00	1.00
37	30	255,255,255	240,240,240	1.00	1.00
38	30	255,255,255	240,240,240	1.00	1.00
39	30	255,255,255	240,240,240	1.00	1.00
40	30	255,255,255	240,240,240	1.00	1.00
41	30	255,255,255	240,240,240	1.00	1.00
42	30	255,255,255	240,240,240	1.00	1.00
43	30	255,255,255	240,240,240	1.00	1.00
44	30	255,255,255	240,240,240	1.00	1.00
45	30	255,255,255	240,240,240	1.00	1.00
46	30	255,255,255	240,240,240	1.00	1.00
47	30	255,255,255	240,240,240	1.00	1.00
48	30	255,255,255	240,240,240	1.00	1.00
49	30	255,255,255	240,240,240	1.00	1.00
50	30	255,255,255	240,240,240	1.00	1.00
51	30	255,255,255	240,240,240	1.00	1.00
52	30	255,255,255	240,240,240	1.00	1.00
53	30	255,255,255	240,240,240	1.00	1.00
54	30	255,255,255	240,240,240	1.00	1.00
55	30	255,255,255	240,240,240	1.00	1.00
56	30	255,255,255	240,240,240	1.00	1.00
57	30	255,255,255	240,240,240	1.00	1.00
58	30	255,255,255	240,240,240	1.00	1.00
59	30	255,255,255	240,240,240	1.00	1.00
60	30	255,255,255	240,240,240	1.00	1.00
61	30	255,255,255	240,240,240	1.00	1.00
62	30	255,255,255	240,240,240	1.00	1.00
63	30	255,255,255	240,240,240	1.00	1.00
0	31	255,255,255	240,240,240	1.00	1.00
1	31	255,255,255	240,240,240	1.00	1.00
2	31	255,255,255	240,240,240	1.00	1.00
3	31	255,255,255	240,240,240	1.00	1.00
4	31	255,255,255	240,240,240	1.00	1.00
5	31	255,255,255	240,240,240	1.00	1.00
6	31	255,255,255	240,240,240	1.00	1.00
7	31	255,255,255	240,240,240	1.00	1.00
8	31	255,255,255	240,240,240	1.00	1.00
9	31	255,255,255	240,240,240	1.00	1.00
10	31	255,255,255	240,240,240	1.00	1.00
11	31	255,255,255	240,240,240	1.00	1.00
12	31	255,255,255	240,240,240	1.00	1.00
13	31	255,255,255	240,240,240	1.00	1.00
14	31	255,255,255	240,240,240	1.00	1.00
15	31	255,255,255	240,240,240	1.00	1.00
16	31	255,255,255	240,240,240	1.00	1.00
17	31	255,255,255	240,240,240	1.00	1.00
18	31	255,255,255	240,240,240	1.00	1.00
19	31	255,255,255	240,240,240	1.00	1.00
20	31	255,255,255	240,240,240	1.00	1.00
21	31	255,255,255	240,240,240	1.00	1.00
22	31	255,255,255	240,240,240	1.00	1.00
23	31	255,255,255	240,240,240	1.00	1.00
24	31	255,255,255	240,240,240	1.00	1.00
25	31	255,255,255	240,240,240	1.00	1.00
26	31	255,255,255	240,240,240	1.00	1.00
27	31	255,255,255	240,240,240	1.00	1.00
28	31	255,255,255	240,240,240	1.00	1.00
29	31	255,255,255	240,240,240	1.00	1.00
30	31	255,255,255	240,240,240	1.00	1.00
31	31	255,255,255	240,240,240	1.00	1.00
32	31	255,255,255	240,240,240	1.00	1.00
33	31	255,255,255	240,240,240	1.00	1.00
34	31	255,255,255	240,240,240	1.00	1.00
35	31	255,255,255	240,240,240	1.00	1.00
36	31	255,255,255	240,240,240	1.00	1.00
37	31	255,255,255	240,240,240	1.00	1.00
38	31	255,255,255	240,240,240	1.00	1.00
39	31	255,255,255	240,240,240	1.00	1.00
40	31	255,255,255	240,240,240	1.00	1.00
41	31	255,255,255	240,240,240	1.00	1.00
42	31	255,255,255	240,240,240	1.00	1.00
43	31	255,255,255	240,240,240	1.00	1.00
44	31	255,255,255	240,240,240	1.00	1.00
45	31	255,255,255	240,240,240	1.00	1.00
46	31	255,255,255	240,240,240	1.00	1.00
47	31	255,255,255	240,240,240	1.00	1.00
48	31	255,255,255	240,240,240	1.00	1.00
49	31	255,255,255	240,240,240	1.00	1.00
50	31	255,255,255	240,240,240	1.00	1.00
51	31	255,255,255	240,240,240	1.00	1.00
52	31	255,255,255	240,240,240	1.00	1.00
53	31	255,255,255	240,240,240	1.00	1.00
54	31	255,255,255	240,240,240	1.00	1.00
55	31	255,255,255	240,240,240	1.00	1.00
56	31	255,255,255	240,240,240	1.00	1.00
57	31	255,255,255	240,240,240	1.00	1.00
58	31	255,255,255	240,240,240	1.00	1.00
59	31	255,255,255	240,240,240	1.00	1.00
60	31	255,255,255	240,240,240	1.00	1.00
61	31	255,255,255	240,240,240	1.00	1.00
62	31	255,255,255	240,240,240	1.00	1.00
63	31	255,255,255	240,240,240	1.00	1.00
0	32	255,255,255	240,240,240	1.00	1.00
1	32	255,255,255	240,240,240	1.00	1.00
2	32	255,255,255	240,240,240	1.00	1.00
3	32	255,255,255	240,240,240	1.00	1.00
4	32	255,255,255	240,240,240	1.00	1.00
5	32	255,255,255	240,240,240	1.00	1.00
6	32	255,255,255	240,240,240	1.00	1.00
7	32	255,255,255	240,240,240	1.00	1.00
8	32	255,255,255	240,240,240	1.00	1.00
9	32	255,255,255	240,240,240	1.00	1.00
10	32	255,255,255	240,240,240	1.00	1.00
11	32	255,255,255	240,240,240	1.00	1.00
12	32	255,255,255	240,240,240	1.00	1.00
13	32	255,255,255	240,240,240	1.00	1.00
14	32	255,255,255	240,240,240	1.00	1.00
15	32	255,255,255	240,240,240	1.00	1.00
16	32	255,255,255	240,240,240	1.00	1.00
17	32	255,255,255	240,240,240	1.00	1.00
18	32	255,255,255	240,240,240	1.00	1.00
19	32	255,255,255	240,240,240	1.00	1.00
20	32	255,255,255	240,240,240	1.00	1.00
21	32	255,255,255	240,240,240	1.00	1.00
22	32	255,255,255	240,240,240	1.00	1.00
23	32	255,255,255	240,240,240	1.00	1.00
24	32	255,255,255	240,240,240	1.00	1.00
25	32	255,255,255	240,240,240	1.00	1.00
26	32	255,255,255	240,240,240	1.00	1.00
27	32	255,255,255	240,240,240	1.00	1.00
28	32	255,255,255	240,240,240	1.00	1.00
29	32	255,255,255	240,240,240	1.00	1.00
30	32	255,255,255	240,240,240	1.00	1.00
31	32	255,255,255	240,240,240	1.00	1.00
32	32	255,255,255	240,240,240	1.00	1.00
33	32	255,255,255	240,240,240	1.00	1.00
34	32	255,255,255	240,240,240	1.00	1.00
35	32	255,255,255	240,240,240	1.00	1.00
36	32	255,255,255	240,240,240	1.00	1.00
37	32	255,255,255	240,240,240	1.00	1.00
38	32	255,255,255	240,240,240	1.00	1.00
39	32	255,255,255	240,240,240	1.00	1.00
40	32	255,255,255	240,240,240	1.00	1.00
41	32	255,255,255	240,240,240	1.00	1.00
42	32	255,255,255	240,240,240	1.00	1.00
43	32	255,255,255	240,240,240	1.00	1.00
44	32	255,255,255	240,240,240	1.00	1.00
45	32	255,255,255	240,240,240	1.00	1.00
46	32	255,255,255	240,240,240	1.00	1.00
47	32	255,255,255	240,240,240	1.00	1.00
48	32	255,255,255	240,240,240	1.00	1.00
49	32	255,255,255	240,240,240	1.00	1.00
50	32	255,255,255	240,240,240	1.00	1.00
51	32	255,255,255	240,240,240	1.00	1.00
52	32	255,255,255	240,240,240	1.00	1.00
53	32	255,255,255	240,240,240	1.00	1.00
54	32	255,255,255	240,240,240	1.00	1.00
55	32	255,255,255	240,240,240	1.00	1.00
56	32	255,255,255	240,240,240	1.00	1.00
57	32	255,255,255	240,240,240	1.00	1.00
58	32	255,255,255	240,240,240	1.00	1.00
59	32	255,255,255	240,240,240	1.00	1.00
60	32	255,255,255	240,240,240	1.00	1.00
61	32	255,255,255	240,240,240	1.00	1.00
62	32	255,255,255	240,240,240	1.00	1.00
63	32	255,255,255	240,240,240	1.00	1.00
0	33	255,255,255	240,240,240	1.00	1.00
1	33	255,255,255	240,240,240	1.00	1.00
2	33	255,255,255	240,240,240	1.00	1.00
3	33	255,255,255	240,240,240	1.00	1.00
4	33	255,255,255	240,240,240	1.00	1.00
5	33	255,255,255	240,240,240	1.00	1.00
6	33	255,255,255	240,240,240	1.00	1.00
7	33	255,255,255	240,240,240	1.00	1.00
8	33	255,255,255	240,240,240	1.00	1.00
9	33	255,255,255	240,240,240	1.00	1.00
10	33	255,255,255	240,240,240	1.00	1.00
11	33	255,255,255	240,240,240	1.00	1.00
12	33	255,255,255	240,240,240	1.00	1.00
13	33	255,255,255	240,240,240	1.00	1.00
14	33	255,255,255	240,240,240	1.00	1.00
15	33	255,255,255	240,240,240	1.00	1.00
16	33	255,255,255	240,240,240	1.00	1.00
17	33	255,255,255	240,240,240	1.00	1.00
18	33	255,255,255	240,240,240	1.00	1.00
19	33	255,255,255	240,240,240	1.00	1.00
20	33	255,255,255	240,240,240	1.00	1.00
21	33	255,255,255	240,240,240	1.00	1.00
22	33	255,255,255	240,240,240	1.00	1.00
23	33	255,255,255	240,240,240	1.00	1.00
24	33	255,255,255	240,240,240	1.00	1.00
25	33	255,255,255	240,240,240	1.00	1.00
26	33	255,255,255	240,240,240	1.00	1.00
27	33	255,255,255	240,240,240	1.00	1.00
28	33	255,255,255	240,240,240	1.00	1.00
29	33	255,255,255	240,240,240	1.00	1.00
30	33	255,255,255	240,240,240	1.00	1.00
31	33	255,255,255	240,240,240	1.00	1.00
32	33	255,255,255	240,240,240	1.00	1.00
33	33	255,255,255	240,240,240	1.00	1.00
34	33	255,255,255	240,240,240	1.00	1.00
35	33	255,255,255	240,240,240	1.00	1.00
36	33	255,255,255	240,240,240	1.00	1.00
37	33	255,255,255	240,240,240	1.00	1.00
38	33	255,255,255	240,240,240	1.00	1.00
39	33	255,255,255	240,240,240	1.00	1.00
40	33	255,255,255	240,240,240	1.00	1.00
41	33	255,255,255	240,240,240	1.00	1.00
42	33	255,255,255	240,240,240	1.00	1.00
43	33	255,255,255	240,240,240	1.00	1.00
44	33	255,255,255	240,240,240	1.00	1.00
45	33	255,255,255	240,240,240	1.00	1.00
46	33	255,255,255	240,240,240	1.00	1.00
47	33	255,255,255	240,240,240	1.00	1.00
48	33	255,255,255	240,240,240	1.00	1.00
49	33	255,255,255	240,240,240	1.00	1.00
50	33	255,255,255	240,240,240	1.00	1.00
51	33	255,255,255	240,240,240	1.00	1.00
52	33	255,255,255	240,240,240	1.00	1.00
53	33	255,255,255	240,240,240	1.00	1.00
54	33	255,255,255	240,240,240	1.00	1.00
55	33	255,255,255	240,240,240	1.00	1.00
56	33	249,247,247	240,240,240	1.00	0.93
57	33	255,255,255	240,240,240	1.00	1.00
58	33	255,255,255	240,240,240	1.00	1.00
59	33	255,255,255	240,240,240	1.00	1.00
60	33	255,255,255	240,240,240	1.00	1.00
61	33	255,255,255	240,240,240	1.00	1.00
62	33	255,255,255	240,240,240	1.00	1.00
63	33	255,255,255	240,240,240	1.00	1.00
0	34	255,255,255	240,240,240	1.00	1.00
1	34	255,255,255	240,240,240	1.00	1.00
2	34	255,255,255	240,240,240	1.00	1.00
3	34	255,255,255	240,240,240	1.00	1.00
4	34	255,255,255	240,240,240	1.00	1.00
5	34	255,255,255	240,240,240	1.00	1.00
6	34	255,255,255	240,240,240	1.00	1.00
7	34	255,255,255	240,240,240	1.00	1.00
8	34	255,255,255	240,240,240	1.00	1.00
9	34	255,255,255	240,240,240	1.00	1.00
10	34	255,255,255	240,240,240	1.00	1.00
11	34	255,255,255	240,240,240	1.00	1.00
12	34	255,255,255	240,240,240	1.00	1.00
13	34	255,255,255	240,240,240	1.00	1.00
14	34	255,255,255	240,240,240	1.00	1.00
15	34	255,255,255	240,240,240	1.00	1.00
16	34	255,255,255	240,240,240	1.00	1.00
17	34	255,255,255	240,240,240	1.00	1.00
18	34	255,255,255	240,240,240	1.00	1.00
19	34	255,255,255	240,240,240	1.00	1.00
20	34	255,255,255	240,240,240	1.00	1.00
21	34	255,255,255	240,240,240	1.00	1.00
22	34	255,255,255	240,240,240	1.00	1.00
23	34	255,255,255	240,240,240	1.00	1.00
24	34	255,255,255	240,240,240	1.00	1.00
25	34	255,255,255	240,240,240	1.00	1.00
26	34	255,255,255	240,240,240	1.00	1.00
27	34	255,255,255	240,240,240	1.00	1.00
28	34	255,255,255	240,240,240	1.00	1.00
29	34	255,255,255	240,240,240	1.00	1.00
30	34	255,255,255	240,240,240	1.00	1.00
31	34	255,255,255	240,240,240	1.00	1.00
32	34	255,255,255	240,240,240	1.00	1.00
33	34	255,255,255	240,240,240	1.00	1.00
34	34	255,255,255	240,240,240	1.00	1.00
35	34	255,255,255	240,240,240	1.00	1.00
36	34	255,255,255	240,240,240	1.00	1.00
37	34	255,255,255	240,240,240	1.00	1.00
38	34	255,255,255	240,240,240	1.00	1.00
39	34	255,255,255	240,240,240	1.00	1.00
40	34	255,255,255	240,240,240	1.00	1.00
41	34	255,255,255	240,240,240	1.00	1.00
42	34	255,255,255	240,240,240	1.00	1.00
43	34	255,255,255	240,240,240	1.00	1.00
44	34	255,255,255	240,240,240	1.00	1.00
45	34	255,255,255	240,240,240	1.00	1.00
46	34	255,255,255	240,240,240	1.00	1.00
47	34	255,255,255	240,240,240	1.00	1.00
48	34	255,255,255	240,240,240	1.00	1.00
49	34	255,255,255	240,240,240	1.00	1.00
50	34	255,255,255	240,240,240	1.00	1.00
51	34	255,255,255	240,240,240	1.00	1.00
52	34	255,255,255	240,240,240	1.00	1.00
53	34	236,231,229	240,240,240	1.00	0.72
54	34	183,168,169	240,240,240	1.00	0.22
55	34	155,137,143	112,96,112	1.00	0.34
56	34	169,148,151	160,128,144	1.00	0.51
57	34	255,255,255	240,240,240	1.00	1.00
58	34	255,255,255	240,240,240	1.00	1.00
59	34	238,235,235	240,240,240	1.00	0.81
60	34	255,255,255	240,240,240	1.00	1.00
61	34	255,255,255	240,240,240	1.00	1.00
62	34	255,255,255	240,240,240	1.00	1.00
63	34	255,255,255	240,240,240	1.00	1.00
0	35	255,255,255	240,240,240	1.00	1.00
1	35	255,255,255	240,240,240	1.00	1.00
2	35	255,255,255	240,240,240	1.00	1.00
3	35	255,255,255	240,240,240	1.00	1.00
4	35	255,255,255	240,240,240	1.00	1.00
5	35	255,255,255	240,240,240	1.00	1.00
6	35	255,255,255	240,240,240	1.00	1.00
7	35	255,255,255	240,240,240	1.00	1.00
8	35	255,255,255	240,240,240	1.00	1.00
9	35	255,255,255	240,240,240	1.00	1.00
10	35	255,255,255	240,240,240	1.00	1.00
11	35	255,255,255	240,240,240	1.00	1.00
12	35	255,255,255	240,240,240	1.00	1.00
13	35	255,255,255	240,240,240	1.00	1.00
14	35	255,255,255	240,240,240	1.00	1.00
15	35	255,255,255	240,240,240	1.00	1.00
16	35	255,255,255	240,240,240	1.00	1.00
17	35	255,255,255	240,240,240	1.00	1.00
18	35	255,255,255	240,240,240	1.00	1.00
19	35	255,255,255	240,240,240	1.00	1.00
20	35	255,255,255	240,240,240	1.00	1.00
21	35	255,255,255	240,240,240	1.00	1.00
22	35	255,255,255	240,240,240	1.00	1.00
23	35	255,255,255	240,240,240	1.00	1.00
24	35	255,255,255	240,240,240	1.00	1.00
25	35	255,255,255	240,240,240	1.00	1.00
26	35	255,255,255	240,240,240	1.00	1.00
27	35	255,255,255	240,240,240	1.00	1.00
28	35	255,255,255	240,240,240	1.00	1.00
29	35	255,255,255	240,240,240	1.00	1.00
30	35	255,255,255	240,240,240	1.00	1.00
31	35	255,255,255	240,240,240	1.00	1.00
32	35	255,255,255	240,240,240	1.00	1.00
33	35	255,255,255	240,240,240	1.00	1.00
34	35	255,255,255	240,240,240	1.00	1.00
35	35	255,255,255	240,240,240	1.00	1.00
36	35	255,255,255	240,240,240	1.00	1.00
37	35	255,255,255	240,240,240	1.00	1.00
38	35	255,255,255	240,240,240	1.00	1.00
39	35	255,255,255	240,240,240	1.00	1.00
40	35	255,255,255	240,240,240	1.00	1.00
41	35	255,255,255	240,240,240	1.00	1.00
42	35	255,255,255	240,240,240	1.00	1.00
43	35	255,255,255	240,240,240	1.00	1.00
44	35	255,255,255	240,240,240	1.00	1.00
45	35	255,255,255	240,240,240	1.00	1.00
46	35	255,255,255	240,240,240	1.00	1.00
47	35	255,255,255	240,240,240	1.00	1.00
48	35	255,255,255	240,240,240	1.00	1.00
49	35	255,255,255	240,240,240	1.00	1.00
50	35	255,255,255	240,240,240	1.00	1.00
51	35	236,231,229	240,240,240	1.00	0.72
52	35	183,168,169	240,240,240	1.00	0.22
53	35	138,119,129	112,96,112	1.00	0.46
54	35	142,120,131	160,128,144	1.00	0.59
55	35	160,134,142	160,128,144	1.00	0.92
56	35	165,143,149	160,128,144	1.00	0.62
57	35	255,255,255	240,240,240	1.00	1.00
58	35	255,255,255	240,240,240	1.00	1.00
59	35	166,144,150	160,128,144	1.00	0.60
60	35	247,245,246	240,240,240	1.00	0.92
61	35	229,222,224	240,240,240	1.00	0.72
62	35	255,255,255	240,240,240	1.00	1.00
63	35	255,255,255	240,240,240	1.00	1.00
0	36	255,255,255	240,240,240	1.00	1.00
1	36	255,255,255	240,240,240	1.00	1.00
2	36	255,255,255	240,240,240	1.00	1.00
3	36	255,255,255	240,240,240	1.00	1.00
4	36	255,255,255	240,240,240	1.00	1.00
5	36	255,255,255	240,240,240	1.00	1.00
6	36	255,255,255	240,240,240	1.00	1.00
7	36	255,255,255	240,240,240	1.00	1.00
8	36	255,255,255	240,240,240	1.00	1.00
9	36	255,255,255	240,240,240	1.00	1.00
10	36	255,255,255	240,240,240	1.00	1.00
11	36	255,255,255	240,240,240	1.00	1.00
12	36	255,255,255	240,240,240	1.00	1.00
13	36	255,255,255	240,240,240	1.00	1.00
14	36	255,255,255	240,240,240	1.00	1.00
15	36	255,255,255	240,240,240	1.00	1.00
16	36	255,255,255	240,240,240	1.00	1.00
17	36	255,255,255	240,240,240	1.00	1.00
18	36	255,255,255	240,240,240	1.00	1.00
19	36	255,255,255	240,240,240	1.00	1.00
20	36	255,255,255	240,240,240	1.00	1.00
21	36	255,255,255	240,240,240	1.00	1.00
22	36	255,255,255	240,240,240	1.00	1.00
23	36	255,255,255	240,240,240	1.00	1.00
24	36	255,255,255	240,240,240	1.00	1.00
25	36	255,255,255	240,240,240	1.00	1.00
26	36	255,255,255	240,240,240	1.00	1.00
27	36	255,255,255	240,240,240	1.00	1.00
28	36	255,255,255	240,240,240	1.00	1.00
29	36	255,255,255	240,240,240	1.00	1.00
30	36	255,255,255	240,240,240	1.00	1.00
31	36	255,255,255	240,240,240	1.00	1.00
32	36	255,255,255	240,240,240	1.00	1.00
33	36	255,255,255	240,240,240	1.00	1.00
34	36	255,255,255	240,240,240	1.00	1.00
35	36	255,255,255	240,240,240	1.00	1.00
36	36	255,255,255	240,240,240	1.00	1.00
37	36	255,255,255	240,240,240	1.00	1.00
38	36	255,255,255	240,240,240	1.00	1.00
39	36	255,255,255	240,240,240	1.00	1.00
40	36	255,255,255	240,240,240	1.00	1.00
41	36	255,255,255	240,240,240	1.00	1.00
42	36	255,255,255	240,240,240	1.00	1.00
43	36	237,231,228	240,240,240	1.00	0.72
44	36	229,222,223	240,240,240	1.00	0.72
45	36	255,255,255	240,240,240	1.00	1.00
46	36	255,255,255	240,240,240	1.00	1.00
47	36	255,255,255	240,240,240	1.00	1.00
48	36	255,255,255	240,240,240	1.00	1.00
49	36	255,255,255	240,240,240	1.00	1.00
50	36	198,186,186	240,240,240	1.00	0.36
51	36	145,126,132	160,128,144	1.00	0.36
52	36	152,133,136	160,128,144	1.00	0.38
53	36	166,148,146	176,160,160	1.00	0.38
54	36	161,143,143	176,160,160	1.00	0.30
55	36	164,145,144	176,160,160	1.00	0.35
56	36	165,144,145	160,128,144	1.00	0.49
57	36	255,255,255	240,240,240	1.00	1.00
58	36	255,255,255	240,240,240	1.00	1.00
59	36	166,148,146	176,160,160	1.00	0.38
60	36	164,146,144	176,160,160	1.00	0.38
61	36	146,126,132	160,128,144	1.00	0.42
62	36	187,174,178	240,240,240	1.00	0.36
63	36	255,255,255	240,240,240	1.00	1.00
0	37	255,255,255	240,240,240	1.00	1.00
1	37	255,255,255	240,240,240	1.00	1.00
2	37	255,255,255	240,240,240	1.00	1.00
3	37	255,255,255	240,240,240	1.00	1.00
4	37	255,255,255	240,240,240	1.00	1.00
5	37	255,255,255	240,240,240	1.00	1.00
6	37	255,255,255	240,240,240	1.00	1.00
7	37	255,255,255	240,240,240	1.00	1.00
8	37	255,255,255	240,240,240	1.00	1.00
9	37	255,255,255	240,240,240	1.00	1.00
10	37	255,255,255	240,240,240	1.00	1.00
11	37	255,255,255	240,240,240	1.00	1.00
12	37	255,255,255	240,240,240	1.00	1.00
13	37	255,255,255	240,240,240	1.00	1.00
14	37	255,255,255	240,240,240	1.00	1.00
15	37	255,255,255	240,240,240	1.00	1.00
16	37	255,255,255	240,240,240	1.00	1.00
17	37	255,255,255	240,240,240	1.00	1.00
18	37	255,255,255	240,240,240	1.00	1.00
19	37	255,255,255	240,240,240	1.00	1.00
20	37	255,255,255	240,240,240	1.00	1.00
21	37	255,255,255	240,240,240	1.00	1.00
22	37	255,255,255	240,240,240	1.00	1.00
23	37	255,255,255	240,240,240	1.00	1.00
24	37	255,255,255	240,240,240	1.00	1.00
25	37	255,255,255	240,240,240	1.00	1.00
26	37	255,255,255	240,240,240	1.00	1.00
27	37	255,255,255	240,240,240	1.00	1.00
28	37	255,255,255	240,240,240	1.00	1.00
29	37	255,255,255	240,240,240	1.00	1.00
30	37	255,255,255	240,240,240	1.00	1.00
31	37	255,255,255	240,240,240	1.00	1.00
32	37	255,255,255	240,240,240	1.00	1.00
33	37	255,255,255	240,240,240	1.00	1.00
34	37	255,255,255	240,240,240	1.00	1.00
35	37	255,255,255	240,240,240	1.00	1.00
36	37	255,255,255	240,240,240	1.00	1.00
37	37	255,255,255	240,240,240	1.00	1.00
38	37	255,255,255	240,240,240	1.00	1.00
39	37	255,255,255	240,240,240	1.00	1.00
40	37	255,255,255	240,240,240	1.00	1.00
41	37	237,231,229	240,240,240	1.00	0.72
42	37	205,173,155	240,240,240	1.00	0.22
43	37	192,133,93	192,96,64	1.00	0.27
44	37	155,102,89	160,80,64	1.00	0.30
45	37	180,150,146	160,128,144	1.00	0.25
46	37	229,222,223	240,240,240	1.00	0.72
47	37	255,255,255	240,240,240	1.00	1.00
48	37	255,255,255	240,240,240	1.00	1.00
49	37	255,255,255	240,240,240	1.00	1.00
50	37	255,255,255	240,240,240	1.00	1.00
51	37	181,162,156	176,160,160	1.00	0.77
52	37	149,128,134	160,128,144	1.00	0.43
53	37	148,127,133	160,128,144	1.00	0.46
54	37	146,126,132	160,128,144	1.00	0.39
55	37	153,131,138	160,128,144	1.00	0.60
56	37	153,131,138	160,128,144	1.00	0.60
57	37	255,255,255	240,240,240	1.00	1.00
58	37	255,255,255	240,240,240	1.00	1.00
59	37	155,135,137	160,128,144	1.00	0.40
60	37	149,128,134	160,128,144	1.00	0.43
61	37	186,167,159	176,160,160	1.00	0.84
62	37	255,255,255	240,240,240	1.00	1.00
63	37	255,255,255	240,240,240	1.00	1.00
0	38	255,255,255	240,240,240	1.00	1.00
1	38	255,255,255	240,240,240	1.00	1.00
2	38	255,255,255	240,240,240	1.00	1.00
3	38	255,255,255	240,240,240	1.00	1.00
4	38	255,255,255	240,240,240	1.00	1.00
5	38	255,255,255	240,240,240	1.00	1.00
6	38	255,255,255	240,240,240	1.00	1.00
7	38	255,255,255	240,240,240	1.00	1.00
8	38	255,255,255	240,240,240	1.00	1.00
9	38	255,255,255	240,240,240	1.00	1.00
10	38	255,255,255	240,240,240	1.00	1.00
11	38	255,255,255	240,240,240	1.00	1.00
12	38	255,255,255	240,240,240	1.00	1.00
13	38	255,255,255	240,240,240	1.00	1.00
14	38	255,255,255	240,240,240	1.00	1.00
15	38	255,255,255	240,240,240	1.00	1.00
16	38	255,255,255	240,240,240	1.00	1.00
17	38	255,255,255	240,240,240	1.00	1.00
18	38	255,255,255	240,240,240	1.00	1.00
19	38	255,255,255	240,240,240	1.00	1.00
20	38	255,255,255	240,240,240	1.00	1.00
21	38	255,255,255	240,240,240	1.00	1.00
22	38	255,255,255	240,240,240	1.00	1.00
23	38	255,255,255	240,240,240	1.00	1.00
24	38	255,255,255	240,240,240	1.00	1.00
25	38	255,255,255	240,240,240	1.00	1.00
26	38	255,255,255	240,240,240	1.00	1.00
27	38	255,255,255	240,240,240	1.00	1.00
28	38	255,255,255	240,240,240	1.00	1.00
29	38	255,255,255	240,240,240	1.00	1.00
30	38	255,255,255	240,240,240	1.00	1.00
31	38	255,255,255	240,240,240	1.00	1.00
32	38	255,255,255	240,240,240	1.00	1.00
33	38	255,255,255	240,240,240	1.00	1.00
34	38	255,255,255	240,240,240	1.00	1.00
35	38	255,255,255	240,240,240	1.00	1.00
36	38	255,255,255	240,240,240	1.00	1.00
37	38	255,255,255	240,240,240	1.00	1.00
38	38	255,255,255	240,240,240	1.00	1.00
39	38	237,231,229	240,240,240	1.00	0.72
40	38	205,173,155	240,240,240	1.00	0.22
41	38	189,128,92	160,80,64	1.00	0.29
42	38	188,118,77	192,96,64	1.00	0.36
43	38	189,133,100	192,96,64	1.00	0.27
44	38	154,105,95	160,80,64	1.00	0.28
45	38	150,89,75	160,80,64	1.00	0.36
46	38	154,100,88	160,80,64	1.00	0.28
47	38	180,150,146	160,128,144	1.00	0.25
48	38	229,222,223	240,240,240	1.00	0.72
49	38	255,255,255	240,240,240	1.00	1.00
50	38	255,255,255	240,240,240	1.00	1.00
51	38	188,169,161	176,160,160	1.00	0.70
52	38	255,255,255	240,240,240	1.00	1.00
53	38	183,168,168	160,128,144	1.00	0.27
54	38	255,255,255	240,240,240	1.00	1.00
55	38	180,166,166	160,128,144	1.00	0.25
56	38	192,179,181	240,240,240	1.00	0.34
57	38	229,222,224	240,240,240	1.00	0.72
58	38	255,255,255	240,240,240	1.00	1.00
59	38	183,168,168	160,128,144	1.00	0.27
60	38	255,255,255	240,240,240	1.00	1.00
61	38	169,151,147	176,160,160	1.00	0.39
62	38	255,255,255	240,240,240	1.00	1.00
63	38	255,255,255	240,240,240	1.00	1.00
0	39	255,255,255	240,240,240	1.00	1.00
1	39	255,255,255	240,240,240	1.00	1.00
2	39	255,255,255	240,240,240	1.00	1.00
3	39	255,255,255	240,240,240	1.00	1.00
4	39	255,255,255	240,240,240	1.00	1.00
5	39	255,255,255	240,240,240	1.00	1.00
6	39	255,255,255	240,240,240	1.00	1.00
7	39	255,255,255	240,240,240	1.00	1.00
8	39	255,255,255	240,240,240	1.00	1.00
9	39	255,255,255	240,240,240	1.00	1.00
10	39	255,255,255	240,240,240	1.00	1.00
11	39	255,255,255	240,240,240	1.00	1.00
12	39	255,255,255	240,240,240	1.00	1.00
13	39	255,255,255	240,240,240	1.00	1.00
14	39	255,255,255	240,240,240	1.00	1.00
15	39	255,255,255	240,240,240	1.00	1.00
16	39	255,255,255	240,240,240	1.00	1.00
17	39	255,255,255	240,240,240	1.00	1.00
18	39	255,255,255	240,240,240	1.00	1.00
19	39	255,255,255	240,240,240	1.00	1.00
20	39	255,255,255	240,240,240	1.00	1.00
21	39	255,255,255	240,240,240	1.00	1.00
22	39	255,255,255	240,240,240	1.00	1.00
23	39	255,255,255	240,240,240	1.00	1.00
24	39	255,255,255	240,240,240	1.00	1.00
25	39	255,255,255	240,240,240	1.00	1.00
26	39	255,255,255	240,240,240	1.00	1.00
27	39	255,255,255	240,240,240	1.00	1.00
28	39	255,255,255	240,240,240	1.00	1.00
29	39	255,255,255	240,240,240	1.00	1.00
30	39	255,255,255	240,240,240	1.00	1.00
31	39	255,255,255	240,240,240	1.00	1.00
32	39	255,255,255	240,240,240	1.00	1.00
33	39	255,255,255	240,240,240	1.00	1.00
34	39	255,255,255	240,240,240	1.00	1.00
35	39	255,255,255	240,240,240	1.00	1.00
36	39	255,255,255	240,240,240	1.00	1.00
37	39	255,255,255	240,240,240	1.00	1.00
38	39	208,179,163	240,240,240	1.00	0.28
39	39	189,128,92	160,80,64	1.00	0.29
40	39	188,118,77	192,96,64	1.00	0.36
41	39	188,131,100	192,96,64	1.00	0.27
42	39	167,137,129	160,128,144	1.00	0.21
43	39	130,116,142	112,96,112	1.00	0.29
44	39	134,122,147	160,128,144	1.00	0.42
45	39	152,122,124	160,128,144	1.00	0.40
46	39	152,102,94	160,80,64	1.00	0.27
47	39	150,89,75	160,80,64	1.00	0.36
48	39	154,100,88	160,80,64	1.00	0.28
49	39	183,156,153	240,240,240	1.00	0.27
50	39	255,255,255	240,240,240	1.00	1.00
51	39	180,166,166	160,128,144	1.00	0.25
52	39	255,255,255	240,240,240	1.00	1.00
53	39	202,189,180	240,240,240	1.00	0.22
54	39	249,247,247	240,240,240	1.00	0.93
55	39	186,166,161	160,128,144	1.00	0.43
56	39	145,122,132	160,128,144	1.00	0.65
57	39	148,126,134	160,128,144	1.00	0.62
58	39	174,158,163	160,128,144	1.00	0.37
59	39	202,189,180	240,240,240	1.00	0.22
60	39	255,255,255	240,240,240	1.00	1.00
61	39	181,162,156	176,160,160	1.00	0.77
62	39	255,255,255	240,240,240	1.00	1.00
63	39	255,255,255	240,240,240	1.00	1.00
0	40	255,255,255	240,240,240	1.00	1.00
1	40	255,255,255	240,240,240	1.00	1.00
2	40	255,255,255	240,240,240	1.00	1.00
3	40	255,255,255	240,240,240	1.00	1.00
4	40	255,255,255	240,240,240	1.00	1.00
5	40	255,255,255	240,240,240	1.00	1.00
6	40	255,255,255	240,240,240	1.00	1.00
7	40	255,255,255	240,240,240	1.00	1.00
8	40	255,255,255	240,240,240	1.00	1.00
9	40	255,255,255	240,240,240	1.00	1.00
10	40	255,255,255	240,240,240	1.00	1.00
11	40	255,255,255	240,240,240	1.00	1.00
12	40	255,255,255	240,240,240	1.00	1.00
13	40	255,255,255	240,240,240	1.00	1.00
14	40	255,255,255	240,240,240	1.00	1.00
15	40	255,255,255	240,240,240	1.00	1.00
16	40	255,255,255	240,240,240	1.00	1.00
17	40	255,255,255	240,240,240	1.00	1.00
18	40	255,255,255	240,240,240	1.00	1.00
19	40	255,255,255	240,240,240	1.00	1.00
20	40	255,255,255	240,240,240	1.00	1.00
21	40	255,255,255	240,240,240	1.00	1.00
22	40	255,255,255	240,240,240	1.00	1.00
23	40	255,255,255	240,240,240	1.00	1.00
24	40	255,255,255	240,240,240	1.00	1.00
25	40	255,255,255	240,240,240	1.00	1.00
26	40	255,255,255	240,240,240	1.00	1.00
27	40	255,255,255	240,240,240	1.00	1.00
28	40	255,255,255	240,240,240	1.00	1.00
29	40	255,255,255	240,240,240	1.00	1.00
30	40	255,255,255	240,240,240	1.00	1.00
31	40	255,255,255	240,240,240	1.00	1.00
32	40	255,255,255	240,240,240	1.00	1.00
33	40	255,255,255	240,240,240	1.00	1.00
34	40	255,255,255	240,240,240	1.00	1.00
35	40	255,255,255	240,240,240	1.00	1.00
36	40	255,255,255	240,240,240	1.00	1.00
37	40	255,255,255	240,240,240	1.00	1.00
38	40	207,158,128	240,240,240	1.00	0.28
39	40	188,131,100	192,96,64	1.00	0.27
40	40	167,137,129	160,128,144	1.00	0.21
41	40	129,115,141	112,96,112	1.00	0.29
42	40	105,109,176	96,112,208	1.00	0.47
43	40	137,134,172	96,112,208	1.00	0.40
44	40	132,129,170	96,112,208	1.00	0.43
45	40	110,119,186	96,112,208	1.00	0.72
46	40	134,122,148	160,128,144	1.00	0.41
47	40	152,122,124	160,128,144	1.00	0.40
48	40	152,102,94	160,80,64	1.00	0.27
49	40	178,136,126	240,240,240	1.00	0.28
50	40	255,255,255	240,240,240	1.00	1.00
51	40	183,164,158	176,160,160	1.00	0.68
52	40	183,168,169	240,240,240	1.00	0.22
53	40	152,133,138	112,96,112	1.00	0.35
54	40	169,148,151	160,128,144	1.00	0.51
55	40	170,147,149	160,128,144	1.00	0.63
56	40	158,134,141	160,128,144	1.00	0.78
57	40	158,133,141	160,128,144	1.00	0.89
58	40	158,134,141	160,128,144	1.00	0.88
59	40	157,134,139	160,128,144	1.00	0.61
60	40	175,159,163	160,128,144	1.00	0.40
61	40	177,157,153	176,160,160	1.00	0.62
62	40	255,255,255	240,240,240	1.00	1.00
63	40	255,255,255	240,240,240	1.00	1.00
0	41	255,255,255	240,240,240	1.00	1.00
1	41	255,255,255	240,240,240	1.00	1.00
2	41	255,255,255	240,240,240	1.00	1.00
3	41	255,255,255	240,240,240	1.00	1.00
4	41	255,255,255	240,240,240	1.00	1.00
5	41	255,255,255	240,240,240	1.00	1.00
6	41	255,255,255	240,240,240	1.00	1.00
7	41	255,255,255	240,240,240	1.00	1.00
8	41	255,255,255	240,240,240	1.00	1.00
9	41	255,255,255	240,240,240	1.00	1.00
10	41	255,255,255	240,240,240	1.00	1.00
11	41	255,255,255	240,240,240	1.00	1.00
12	41	255,255,255	240,240,240	1.00	1.00
13	41	255,255,255	240,240,240	1.00	1.00
14	41	255,255,255	240,240,240	1.00	1.00
15	41	255,255,255	240,240,240	1.00	1.00
16	41	255,255,255	240,240,240	1.00	1.00
17	41	255,255,255	240,240,240	1.00	1.00
18	41	255,255,255	240,240,240	1.00	1.00
19	41	255,255,255	240,240,240	1.00	1.00
20	41	255,255,255	240,240,240	1.00	1.00
21	41	255,255,255	240,240,240	1.00	1.00
22	41	255,255,255	240,240,240	1.00	1.00
23	41	255,255,255	240,240,240	1.00	1.00
24	41	255,255,255	240,240,240	1.00	1.00
25	41	255,255,255	240,240,240	1.00	1.00
26	41	255,255,255	240,240,240	1.00	1.00
27	41	255,255,255	240,240,240	1.00	1.00
28	41	255,255,255	240,240,240	1.00	1.00
29	41	255,255,255	240,240,240	1.00	1.00
30	41	255,255,255	240,240,240	1.00	1.00
31	41	255,255,255	240,240,240	1.00	1.00
32	41	255,255,255	240,240,240	1.00	1.00
33	41	255,255,255	240,240,240	1.00	1.00
34	41	255,255,255	240,240,240	1.00	1.00
35	41	255,255,255	240,240,240	1.00	1.00
36	41	255,255,255	240,240,240	1.00	1.00
37	41	255,255,255	240,240,240	1.00	1.00
38	41	192,173,168	240,240,240	1.00	0.26
39	41	145,126,132	160,128,144	1.00	0.36
40	41	152,133,136	160,128,144	1.00	0.38
41	41	163,145,146	176,160,160	1.00	0.35
42	41	164,147,149	176,160,160	1.00	0.38
43	41	165,147,147	176,160,160	1.00	0.36
44	41	164,146,146	176,160,160	1.00	0.35
45	41	164,147,149	176,160,160	1.00	0.38
46	41	164,147,149	176,160,160	1.00	0.38
47	41	156,137,139	160,128,144	1.00	0.41
48	41	146,126,132	160,128,144	1.00	0.42
49	41	177,158,160	160,128,144	1.00	0.30
50	41	198,186,186	240,240,240	1.00	0.36
51	41	145,126,132	160,128,144	1.00	0.36
52	41	152,133,136	160,128,144	1.00	0.38
53	41	164,146,144	176,160,160	1.00	0.35
54	41	161,142,142	160,128,144	1.00	0.32
55	41	165,147,145	176,160,160	1.00	0.29
56	41	165,144,145	160,128,144	1.00	0.49
57	41	167,146,147	160,128,144	1.00	0.49
58	41	165,147,145	176,160,160	1.00	0.34
59	41	164,145,144	176,160,160	1.00	0.32
60	41	156,137,139	160,128,144	1.00	0.41
61	41	146,126,132	160,128,144	1.00	0.42
62	41	187,174,178	240,240,240	1.00	0.36
63	41	255,255,255	240,240,240	1.00	1.00
0	42	255,255,255	240,240,240	1.00	1.00
1	42	255,255,255	240,240,240	1.00	1.00
2	42	255,255,255	240,240,240	1.00	1.00
3	42	255,255,255	240,240,240	1.00	1.00
4	42	255,255,255	240,240,240	1.00	1.00
5	42	255,255,255	240,240,240	1.00	1.00
6	42	255,255,255	240,240,240	1.00	1.00
7	42	255,255,255	240,240,240	1.00	1.00
8	42	255,255,255	240,240,240	1.00	1.00
9	42	255,255,255	240,240,240	1.00	1.00
10	42	255,255,255	240,240,240	1.00	1.00
11	42	255,255,255	240,240,240	1.00	1.00
12	42	255,255,255	240,240,240	1.00	1.00
13	42	255,255,255	240,240,240	1.00	1.00
14	42	255,255,255	240,240,240	1.00	1.00
15	42	255,255,255	240,240,240	1.00	1.00
16	42	255,255,255	240,240,240	1.00	1.00
17	42	255,255,255	240,240,240	1.00	1.00
18	42	255,255,255	240,240,240	1.00	1.00
19	42	255,255,255	240,240,240	1.00	1.00
20	42	255,255,255	240,240,240	1.00	1.00
21	42	255,255,255	240,240,240	1.00	1.00
22	42	255,255,255	240,240,240	1.00	1.00
23	42	255,255,255	240,240,240	1.00	1.00
24	42	255,255,255	240,240,240	1.00	1.00
25	42	255,255,255	240,240,240	1.00	1.00
26	42	255,255,255	240,240,240	1.00	1.00
27	42	255,255,255	240,240,240	1.00	1.00
28	42	255,255,255	240,240,240	1.00	1.00
29	42	255,255,255	240,240,240	1.00	1.00
30	42	255,255,255	240,240,240	1.00	1.00
31	42	255,255,255	240,240,240	1.00	1.00
32	42	255,255,255	240,240,240	1.00	1.00
33	42	255,255,255	240,240,240	1.00	1.00
34	42	255,255,255	240,240,240	1.00	1.00
35	42	255,255,255	240,240,240	1.00	1.00
36	42	255,255,255	240,240,240	1.00	1.00
37	42	255,255,255	240,240,240	1.00	1.00
38	42	255,255,255	240,240,240	1.00	1.00
39	42	150,134,144	160,128,144	1.00	0.34
40	42	127,121,161	96,112,208	1.00	0.25
41	42	127,121,161	96,112,208	1.00	0.25
42	42	150,134,144	160,128,144	1.00	0.34
43	42	127,121,161	96,112,208	1.00	0.25
44	42	127,121,161	96,112,208	1.00	0.25
45	42	150,134,144	160,128,144	1.00	0.34
46	42	127,121,161	96,112,208	1.00	0.25
47	42	127,121,161	96,112,208	1.00	0.25
48	42	150,134,144	160,128,144	1.00	0.34
49	42	255,255,255	240,240,240	1.00	1.00
50	42	255,255,255	240,240,240	1.00	1.00
51	42	155,135,137	160,128,144	1.00	0.40
52	42	149,128,134	160,128,144	1.00	0.43
53	42	155,135,137	160,128,144	1.00	0.40
54	42	149,128,134	160,128,144	1.00	0.43
55	42	148,127,133	160,128,144	1.00	0.46
56	42	153,131,138	160,128,144	1.00	0.60
57	42	155,135,137	160,128,144	1.00	0.40
58	42	149,128,134	160,128,144	1.00	0.43
59	42	155,135,137	160,128,144	1.00	0.40
60	42	149,128,134	160,128,144	1.00	0.43
61	42	155,135,137	160,128,144	1.00	0.40
62	42	255,255,255	240,240,240	1.00	1.00
63	42	255,255,255	240,240,240	1.00	1.00
0	43	255,255,255	240,240,240	1.00	1.00
1	43	255,255,255	240,240,240	1.00	1.00
2	43	255,255,255	240,240,240	1.00	1.00
3	43	255,255,255	240,240,240	1.00	1.00
4	43	255,255,255	240,240,240	1.00	1.00
5	43	255,255,255	240,240,240	1.00	1.00
6	43	255,255,255	240,240,240	1.00	1.00
7	43	255,255,255	240,240,240	1.00	1.00
8	43	255,255,255	240,240,240	1.00	1.00
9	43	255,255,255	240,240,240	1.00	1.00
10	43	255,255,255	240,240,240	1.00	1.00
11	43	255,255,255	240,240,240	1.00	1.00
12	43	255,255,255	240,240,240	1.00	1.00
13	43	255,255,255	240,240,240	1.00	1.00
14	43	255,255,255	240,240,240	1.00	1.00
15	43	255,255,255	240,240,240	1.00	1.00
16	43	255,255,255	240,240,240	1.00	1.00
17	43	255,255,255	240,240,240	1.00	1.00
18	43	255,255,255	240,240,240	1.00	1.00
19	43	255,255,255	240,240,240	1.00	1.00
20	43	255,255,255	240,240,240	1.00	1.00
21	43	255,255,255	240,240,240	1.00	1.00
22	43	255,255,255	240,240,240	1.00	1.00
23	43	255,255,255	240,240,240	1.00	1.00
24	43	255,255,255	240,240,240	1.00	1.00
25	43	255,255,255	240,240,240	1.00	1.00
26	43	255,255,255	240,240,240	1.00	1.00
27	43	255,255,255	240,240,240	1.00	1.00
28	43	255,255,255	240,240,240	1.00	1.00
29	43	255,255,255	240,240,240	1.00	1.00
30	43	255,255,255	240,240,240	1.00	1.00
31	43	255,255,255	240,240,240	1.00	1.00
32	43	255,255,255	240,240,240	1.00	1.00
33	43	255,255,255	240,240,240	1.00	1.00
34	43	255,255,255	240,240,240	1.00	1.00
35	43	255,255,255	240,240,240	1.00	1.00
36	43	255,255,255	240,240,240	1.00	1.00
37	43	255,255,255	240,240,240	1.00	1.00
38	43	255,255,255	240,240,240	1.00	1.00
39	43	171,163,180	240,240,240	1.00	0.23
40	43	255,255,255	240,240,240	1.00	1.00
41	43	255,255,255	240,240,240	1.00	1.00
42	43	171,163,180	240,240,240	1.00	0.23
43	43	255,255,255	240,240,240	1.00	1.00
44	43	255,255,255	240,240,240	1.00	1.00
45	43	171,163,180	240,240,240	1.00	0.23
46	43	255,255,255	240,240,240	1.00	1.00
47	43	255,255,255	240,240,240	1.00	1.00
48	43	171,163,180	240,240,240	1.00	0.23
49	43	255,255,255	240,240,240	1.00	1.00
50	43	255,255,255	240,240,240	1.00	1.00
51	43	178,163,163	160,128,144	1.00	0.27
52	43	255,255,255	240,240,240	1.00	1.00
53	43	174,160,160	160,128,144	1.00	0.24
54	43	255,255,255	240,240,240	1.00	1.00
55	43	255,255,255	240,240,240	1.00	1.00
56	43	255,255,255	240,240,240	1.00	1.00
57	43	178,163,163	160,128,144	1.00	0.27
58	43	255,255,255	240,240,240	1.00	1.00
59	43	183,168,168	160,128,144	1.00	0.27
60	43	255,255,255	240,240,240	1.00	1.00
61	43	183,168,168	160,128,144	1.00	0.27
62	43	255,255,255	240,240,240	1.00	1.00
63	43	255,255,255	240,240,240	1.00	1.00
0	44	255,255,255	240,240,240	1.00	1.00
1	44	255,255,255	240,240,240	1.00	1.00
2	44	255,255,255	240,240,240	1.00	1.00
3	44	255,255,255	240,240,240	1.00	1.00
4	44	255,255,255	240,240,240	1.00	1.00
5	44	255,255,255	240,240,240	1.00	1.00
6	44	255,255,255	240,240,240	1.00	1.00
7	44	255,255,255	240,240,240	1.00	1.00
8	44	255,255,255	240,240,240	1.00	1.00
9	44	255,255,255	240,240,240	1.00	1.00
10	44	255,255,255	240,240,240	1.00	1.00
11	44	255,255,255	240,240,240	1.00	1.00
12	44	255,255,255	240,240,240	1.00	1.00
13	44	255,255,255	240,240,240	1.00	1.00
14	44	255,255,255	240,240,240	1.00	1.00
15	44	255,255,255	240,240,240	1.00	1.00
16	44	255,255,255	240,240,240	1.00	1.00
17	44	255,255,255	240,240,240	1.00	1.00
18	44	255,255,255	240,240,240	1.00	1.00
19	44	255,255,255	240,240,240	1.00	1.00
20	44	255,255,255	240,240,240	1.00	1.00
21	44	255,255,255	240,240,240	1.00	1.00
22	44	255,255,255	240,240,240	1.00	1.00
23	44	255,255,255	240,240,240	1.00	1.00
24	44	255,255,255	240,240,240	1.00	1.00
25	44	255,255,255	240,240,240	1.00	1.00
26	44	255,255,255	240,240,240	1.00	1.00
27	44	255,255,255	240,240,240	1.00	1.00
28	44	255,255,255	240,240,240	1.00	1.00
29	44	255,255,255	240,240,240	1.00	1.00
30	44	255,255,255	240,240,240	1.00	1.00
31	44	255,255,255	240,240,240	1.00	1.00
32	44	255,255,255	240,240,240	1.00	1.00
33	44	255,255,255	240,240,240	1.00	1.00
34	44	255,255,255	240,240,240	1.00	1.00
35	44	255,255,255	240,240,240	1.00	1.00
36	44	255,255,255	240,240,240	1.00	1.00
37	44	255,255,255	240,240,240	1.00	1.00
38	44	255,255,255	240,240,240	1.00	1.00
39	44	202,189,180	240,240,240	1.00	0.22
40	44	255,255,255	240,240,240	1.00	1.00
41	44	255,255,255	240,240,240	1.00	1.00
42	44	202,189,180	240,240,240	1.00	0.22
43	44	255,255,255	240,240,240	1.00	1.00
44	44	255,255,255	240,240,240	1.00	1.00
45	44	202,189,180	240,240,240	1.00	0.22
46	44	255,255,255	240,240,240	1.00	1.00
47	44	255,255,255	240,240,240	1.00	1.00
48	44	202,189,180	240,240,240	1.00	0.22
49	44	255,255,255	240,240,240	1.00	1.00
50	44	255,255,255	240,240,240	1.00	1.00
51	44	202,189,180	240,240,240	1.00	0.22
52	44	255,255,255	240,240,240	1.00	1.00
53	44	202,189,180	240,240,240	1.00	0.22
54	44	255,255,255	240,240,240	1.00	1.00
55	44	201,187,182	176,160,160	1.00	0.45
56	44	255,255,255	240,240,240	1.00	1.00
57	44	202,189,180	240,240,240	1.00	0.22
58	44	255,255,255	240,240,240	1.00	1.00
59	44	202,189,180	240,240,240	1.00	0.22
60	44	255,255,255	240,240,240	1.00	1.00
61	44	202,189,180	240,240,240	1.00	0.22
62	44	255,255,255	240,240,240	1.00	1.00
63	44	255,255,255	240,240,240	1.00	1.00
0	45	255,255,255	240,240,240	1.00	1.00
1	45	255,255,255	240,240,240	1.00	1.00
2	45	255,255,255	240,240,240	1.00	1.00
3	45	255,255,255	240,240,240	1.00	1.00
4	45	255,255,255	240,240,240	1.00	1.00
5	45	255,255,255	240,240,240	1.00	1.00
6	45	255,255,255	240,240,240	1.00	1.00
7	45	255,255,255	240,240,240	1.00	1.00
8	45	255,255,255	240,240,240	1.00	1.00
9	45	255,255,255	240,240,240	1.00	1.00
10	45	255,255,255	240,240,240	1.00	1.00
11	45	255,255,255	240,240,240	1.00	1.00
12	45	255,255,255	240,240,240	1.00	1.00
13	45	255,255,255	240,240,240	1.00	1.00
14	45	255,255,255	240,240,240	1.00	1.00
15	45	255,255,255	240,240,240	1.00	1.00
16	45	255,255,255	240,240,240	1.00	1.00
17	45	255,255,255	240,240,240	1.00	1.00
18	45	255,255,255	240,240,240	1.00	1.00
19	45	255,255,255	240,240,240	1.00	1.00
20	45	255,255,255	240,240,240	1.00	1.00
21	45	255,255,255	240,240,240	1.00	1.00
22	45	255,255,255	240,240,240	1.00	1.00
23	45	255,255,255	240,240,240	1.00	1.00
24	45	255,255,255	240,240,240	1.00	1.00
25	45	255,255,255	240,240,240	1.00	1.00
26	45	255,255,255	240,240,240	1.00	1.00
27	45	255,255,255	240,240,240	1.00	1.00
28	45	255,255,255	240,240,240	1.00	1.00
29	45	255,255,255	240,240,240	1.00	1.00
30	45	255,255,255	240,240,240	1.00	1.00
31	45	255,255,255	240,240,240	1.00	1.00
32	45	255,255,255	240,240,240	1.00	1.00
33	45	255,255,255	240,240,240	1.00	1.00
34	45	255,255,255	240,240,240	1.00	1.00
35	45	255,255,255	240,240,240	1.00	1.00
36	45	255,255,255	240,240,240	1.00	1.00
37	45	255,255,255	240,240,240	1.00	1.00
38	45	255,255,255	240,240,240	1.00	1.00
39	45	194,179,170	176,160,160	1.00	0.26
40	45	255,255,255	240,240,240	1.00	1.00
41	45	255,255,255	240,240,240	1.00	1.00
42	45	194,179,170	176,160,160	1.00	0.26
43	45	255,255,255	240,240,240	1.00	1.00
44	45	255,255,255	240,240,240	1.00	1.00
45	45	194,179,170	176,160,160	1.00	0.26
46	45	255,255,255	240,240,240	1.00	1.00
47	45	255,255,255	240,240,240	1.00	1.00
48	45	194,179,170	176,160,160	1.00	0.26
49	45	255,255,255	240,240,240	1.00	1.00
50	45	255,255,255	240,240,240	1.00	1.00
51	45	187,171,164	176,160,160	1.00	0.25
52	45	255,255,255	240,240,240	1.00	1.00
53	45	194,179,170	176,160,160	1.00	0.26
54	45	255,255,255	240,240,240	1.00	1.00
55	45	188,173,165	176,160,160	1.00	0.24
56	45	255,255,255	240,240,240	1.00	1.00
57	45	187,171,164	176,160,160	1.00	0.25
58	45	255,255,255	240,240,240	1.00	1.00
59	45	194,179,170	176,160,160	1.00	0.26
60	45	255,255,255	240,240,240	1.00	1.00
61	45	186,170,162	176,160,160	1.00	0.24
62	45	255,255,255	240,240,240	1.00	1.00
63	45	255,255,255	240,240,240	1.00	1.00
0	46	255,255,255	240,240,240	1.00	1.00
1	46	255,255,255	240,240,240	1.00	1.00
2	46	255,255,255	240,240,240	1.00	1.00
3	46	255,255,255	240,240,240	1.00	1.00
4	46	255,255,255	240,240,240	1.00	1.00
5	46	255,255,255	240,240,240	1.00	1.00
6	46	255,255,255	240,240,240	1.00	1.00
7	46	255,255,255	240,240,240	1.00	1.00
8	46	255,255,255	240,240,240	1.00	1.00
9	46	255,255,255	240,240,240	1.00	1.00
10	46	255,255,255	240,240,240	1.00	1.00
11	46	255,255,255	240,240,240	1.00	1.00
12	46	255,255,255	240,240,240	1.00	1.00
13	46	255,255,255	240,240,240	1.00	1.00
14	46	255,255,255	240,240,240	1.00	1.00
15	46	255,255,255	240,240,240	1.00	1.00
16	46	255,255,255	240,240,240	1.00	1.00
17	46	255,255,255	240,240,240	1.00	1.00
18	46	255,255,255	240,240,240	1.00	1.00
19	46	255,255,255	240,240,240	1.00	1.00
20	46	255,255,255	240,240,240	1.00	1.00
21	46	255,255,255	240,240,240	1.00	1.00
22	46	255,255,255	240,240,240	1.00	1.00
23	46	255,255,255	240,240,240	1.00	1.00
24	46	255,255,255	240,240,240	1.00	1.00
25	46	255,255,255	240,240,240	1.00	1.00
26	46	255,255,255	240,240,240	1.00	1.00
27	46	255,255,255	240,240,240	1.00	1.00
28	46	255,255,255	240,240,240	1.00	1.00
29	46	255,255,255	240,240,240	1.00	1.00
30	46	255,255,255	240,240,240	1.00	1.00
31	46	255,255,255	240,240,240	1.00	1.00
32	46	255,255,255	240,240,240	1.00	1.00
33	46	255,255,255	240,240,240	1.00	1.00
34	46	255,255,255	240,240,240	1.00	1.00
35	46	255,255,255	240,240,240	1.00	1.00
36	46	255,255,255	240,240,240	1.00	1.00
37	46	255,255,255	240,240,240	1.00	1.00
38	46	255,255,255	240,240,240	1.00	1.00
39	46	186,185,201	240,240,240	1.00	0.27
40	46	255,255,255	240,240,240	1.00	1.00
41	46	255,255,255	240,240,240	1.00	1.00
42	46	186,185,201	240,240,240	1.00	0.27
43	46	255,255,255	240,240,240	1.00	1.00
44	46	255,255,255	240,240,240	1.00	1.00
45	46	186,185,201	240,240,240	1.00	0.27
46	46	255,255,255	240,240,240	1.00	1.00
47	46	255,255,255	240,240,240	1.00	1.00
48	46	186,185,201	240,240,240	1.00	0.27
49	46	255,255,255	240,240,240	1.00	1.00
50	46	255,255,255	240,240,240	1.00	1.00
51	46	206,193,186	240,240,240	1.00	0.27
52	46	255,255,255	240,240,240	1.00	1.00
53	46	202,189,183	240,240,240	1.00	0.27
54	46	255,255,255	240,240,240	1.00	1.00
55	46	206,193,186	240,240,240	1.00	0.27
56	46	255,255,255	240,240,240	1.00	1.00
57	46	206,193,186	240,240,240	1.00	0.27
58	46	255,255,255	240,240,240	1.00	1.00
59	46	206,193,186	240,240,240	1.00	0.27
60	46	255,255,255	240,240,240	1.00	1.00
61	46	206,193,186	240,240,240	1.00	0.27
62	46	255,255,255	240,240,240	1.00	1.00
63	46	255,255,255	240,240,240	1.00	1.00
0	47	255,255,255	240,240,240	1.00	1.00
1	47	255,255,255	240,240,240	1.00	1.00
2	47	255,255,255	240,240,240	1.00	1.00
3	47	255,255,255	240,240,240	1.00	1.00
4	47	255,255,255	240,240,240	1.00	1.00
5	47	255,255,255	240,240,240	1.00	1.00
6	47	255,255,255	240,240,240	1.00	1.00
7	47	255,255,255	240,240,240	1.00	1.00
8	47	255,255,255	240,240,240	1.00	1.00
9	47	255,255,255	240,240,240	1.00	1.00
10	47	255,255,255	240,240,240	1.00	1.00
11	47	255,255,255	240,240,240	1.00	1.00
12	47	255,255,255	240,240,240	1.00	1.00
13	47	255,255,255	240,240,240	1.00	1.00
14	47	255,255,255	240,240,240	1.00	1.00
15	47	255,255,255	240,240,240	1.00	1.00
16	47	255,255,255	240,240,240	1.00	1.00
17	47	255,255,255	240,240,240	1.00	1.00
18	47	255,255,255	240,240,240	1.00	1.00
19	47	255,255,255	240,240,240	1.00	1.00
20	47	255,255,255	240,240,240	1.00	1.00
21	47	255,255,255	240,240,240	1.00	1.00
22	47	255,255,255	240,240,240	1.00	1.00
23	47	255,255,255	240,240,240	1.00	1.00
24	47	255,255,255	240,240,240	1.00	1.00
25	47	255,255,255	240,240,240	1.00	1.00
26	47	255,255,255	240,240,240	1.00	1.00
27	47	255,255,255	240,240,240	1.00	1.00
28	47	255,255,255	240,240,240	1.00	1.00
29	47	255,255,255	240,240,240	1.00	1.00
30	47	255,255,255	240,240,240	1.00	1.00
31	47	255,255,255	240,240,240	1.00	1.00
32	47	255,255,255	240,240,240	1.00	1.00
33	47	255,255,255	240,240,240	1.00	1.00
34	47	255,255,255	240,240,240	1.00	1.00
35	47	255,255,255	240,240,240	1.00	1.00
36	47	255,255,255	240,240,240	1.00	1.00
37	47	255,255,255	240,240,240	1.00	1.00
38	47	255,255,255	240,240,240	1.00	1.00
39	47	255,255,255	240,240,240	1.00	1.00
40	47	255,255,255	240,240,240	1.00	1.00
41	47	255,255,255	240,240,240	1.00	1.00
42	47	255,255,255	240,240,240	1.00	1.00
43	47	255,255,255	240,240,240	1.00	1.00
44	47	255,255,255	240,240,240	1.00	1.00
45	47	255,255,255	240,240,240	1.00	1.00
46	47	255,255,255	240,240,240	1.00	1.00
47	47	255,255,255	240,240,240	1.00	1.00
48	47	255,255,255	240,240,240	1.00	1.00
49	47	255,255,255	240,240,240	1.00	1.00
50	47	255,255,255	240,240,240	1.00	1.00
51	47	255,255,255	240,240,240	1.00	1.00
52	47	255,255,255	240,240,240	1.00	1.00
53	47	255,255,255	240,240,240	1.00	1.00
54	47	255,255,255	240,240,240	1.00	1.00
55	47	255,255,255	240,240,240	1.00	1.00
56	47	255,255,255	240,240,240	1.00	1.00
57	47	255,255,255	240,240,240	1.00	1.00
58	47	255,255,255	240,240,240	1.00	1.00
59	47	255,255,255	240,240,240	1.00	1.00
60	47	255,255,255	240,240,240	1.00	1.00
61	47	255,255,255	240,240,240	1.00	1.00
62	47	255,255,255	240,240,240	1.00	1.00
63	47	255,255,255	240,240,240	1.00	1.00
